TrainerID,TrainerClass,TrainerName,StructType,SlotNum,Pokemon,Level,Move1,Move2,Move3,Move4,MoveSource,Ability,HeldItem,IVs
25,ELITE FOUR,SIDNEY,0,1,EKANS,5,WRAP,POISON STING,LEER,BITE,Level-up,INTIMIDATE / SHED SKIN,None,0
26,ELITE FOUR,PHOEBE,0,1,EKANS,5,WRAP,POISON STING,LEER,BITE,Level-up,INTIMIDATE / SHED SKIN,None,0
27,RIVAL,ROXANNE,0,1,EKANS,5,WRAP,POISON STING,LEER,BITE,Level-up,INTIMIDATE / SHED SKIN,None,0
28,RIVAL,BRAWLY,0,1,EKANS,5,WRAP,POISON STING,LEER,BITE,Level-up,INTIMIDATE / SHED SKIN,None,0
29,RIVAL,TATELIZA,0,1,EKANS,5,WRAP,POISON STING,LEER,BITE,Level-up,INTIMIDATE / SHED SKIN,None,0
78,ADMIN,MATT,0,1,EKANS,5,WRAP,POISON STING,LEER,BITE,Level-up,INTIMIDATE / SHED SKIN,None,0
79,ADMIN,SHELLY,0,1,EKANS,5,WRAP,POISON STING,LEER,BITE,Level-up,INTIMIDATE / SHED SKIN,None,0
80,ADMIN,TABITHA,0,1,EKANS,5,WRAP,POISON STING,LEER,BITE,Level-up,INTIMIDATE / SHED SKIN,None,0
81,ADMIN,COURTNEY,0,1,EKANS,5,WRAP,POISON STING,LEER,BITE,Level-up,INTIMIDATE / SHED SKIN,None,0
82,RIVAL,WATTSON,0,1,EKANS,5,WRAP,POISON STING,LEER,BITE,Level-up,INTIMIDATE / SHED SKIN,None,0
83,RIVAL,FLANNERY,0,1,EKANS,5,WRAP,POISON STING,LEER,BITE,Level-up,INTIMIDATE / SHED SKIN,None,0
84,RIVAL,NORMAN,0,1,EKANS,5,WRAP,POISON STING,LEER,BITE,Level-up,INTIMIDATE / SHED SKIN,None,0
85,RIVAL,WINONA,0,1,EKANS,5,WRAP,POISON STING,LEER,BITE,Level-up,INTIMIDATE / SHED SKIN,None,0
86,RIVAL,WALLACE,0,1,EKANS,5,WRAP,POISON STING,LEER,BITE,Level-up,INTIMIDATE / SHED SKIN,None,0
87,ELITE FOUR,GLACIA,0,1,EKANS,5,WRAP,POISON STING,LEER,BITE,Level-up,INTIMIDATE / SHED SKIN,None,0
88,ELITE FOUR,DRAKE,0,1,EKANS,5,WRAP,POISON STING,LEER,BITE,Level-up,INTIMIDATE / SHED SKIN,None,0
134,RIVAL,EDMOND,0,1,MACHOP,24,FOCUS ENERGY,KARATE CHOP,SEISMIC TOSS,FORESIGHT,Level-up,GUTS,None,0
134,RIVAL,EDMOND,0,2,CLOYSTER,24,WITHDRAW,ICICLE SPEAR,SUPERSONIC,WATER PULSE,Level-up,SHELL ARMOR,None,0
135,RIVAL,TREVOR,0,1,MACHOKE,23,FOCUS ENERGY,KARATE CHOP,SEISMIC TOSS,FORESIGHT,Level-up,GUTS,None,0
135,RIVAL,TREVOR,0,2,TENTACOOL,23,POISON STING,SUPERSONIC,CONSTRICT,ACID,Level-up,CLEAR BODY / LIQUID OOZE,None,0
136,RIVAL,LEONARD,0,1,CLOYSTER,27,WITHDRAW,ICICLE SPEAR,SUPERSONIC,WATER PULSE,Level-up,SHELL ARMOR,None,0
137,RIVAL,DUNCAN,0,1,HORSEA,22,WHIRLPOOL,SMOKESCREEN,LEER,WATER GUN,Level-up,SWIFT SWIM,None,0
137,RIVAL,DUNCAN,0,2,SHELLDER,22,WITHDRAW,ICICLE SPEAR,SUPERSONIC,WATER PULSE,Level-up,SHELL ARMOR,None,0
137,RIVAL,DUNCAN,0,3,TENTACOOL,22,POISON STING,SUPERSONIC,CONSTRICT,ACID,Level-up,CLEAR BODY / LIQUID OOZE,None,0
138,RIVAL,HUEY,0,1,TENTACOOL,24,POISON STING,SUPERSONIC,CONSTRICT,ACID,Level-up,CLEAR BODY / LIQUID OOZE,None,0
138,RIVAL,HUEY,0,2,STARYU,24,RAPID SPIN,RECOVER,CAMOUFLAGE,SWIFT,Level-up,ILLUMINATE / NATURAL CURE,None,0
139,RIVAL,DYLAN,0,1,HORSEA,23,WHIRLPOOL,SMOKESCREEN,LEER,WATER GUN,Level-up,SWIFT SWIM,None,0
139,RIVAL,DYLAN,0,2,WARTORTLE,23,WITHDRAW,WATER GUN,BITE,RAPID SPIN,Level-up,TORRENT,None,0
139,RIVAL,DYLAN,0,3,LAPRAS,23,WATER GUN,MIST,BODY SLAM,CONFUSE RAY,Level-up,WATER ABSORB / SHELL ARMOR,None,0
140,RIVAL,PHILLIP,0,1,MAGMAR,24,CURSE,LEER,SMOG,FIRE PUNCH,Level-up,FLAME BODY,None,0
140,RIVAL,PHILLIP,0,2,ELECTABUZZ,24,QUICK ATTACK,THUNDERPUNCH,LIGHT SCREEN,CHARGE,Level-up,STATIC / THICK FAT,None,0
141,RIVAL,DWAYNE,0,1,PIKACHU,26,QUICK ATTACK,DOUBLE TEAM,SLAM,SPARK,Level-up,STATIC,None,0
141,RIVAL,DWAYNE,0,2,JOLTEON,26,HELPING HAND,SAND-ATTACK,THUNDERSHOCK,QUICK ATTACK,Level-up,VOLT ABSORB,None,0
142,RIVAL,LIAM,1,1,RHYHORN,10,HORN ATTACK,FURY ATTACK,TAIL WHIP,STOMP,Level-up,LIGHTNINGROD / ROCK HEAD,ENERGY ROOT,0
143,RIVAL,SHANE,0,1,RATTATA,17,TAIL WHIP,QUICK ATTACK,HYPER FANG,SCARY FACE,Level-up,RUN AWAY / GUTS,None,0
143,RIVAL,SHANE,0,2,DIGLETT,17,GROWL,TRI ATTACK,MAGNITUDE,DIG,Level-up,SAND VEIL / ARENA TRAP,None,0
144,RIVAL,ETHAN,0,1,MANKEY,22,LOW KICK,KARATE CHOP,FURY SWIPES,FOCUS ENERGY,Level-up,VITAL SPIRIT,None,0
145,RIVAL,RICKY,0,1,WARTORTLE,25,WATER GUN,BITE,RAPID SPIN,BUBBLEBEAM,Level-up,TORRENT,None,0
146,RIVAL,JEFF,0,1,FEAROW,20,GROWL,PECK,LEER,FURY ATTACK,Level-up,KEEN EYE,None,0
146,RIVAL,JEFF,0,2,RATICATE,20,QUICK ATTACK,SNATCH,HYPER FANG,SCARY FACE,Level-up,RUN AWAY / GUTS,None,0
148,RIVAL,CHRIS,0,1,ARCANINE,25,EMBER,LEER,ODOR SLEUTH,FLAME WHEEL,Level-up,INTIMIDATE / FLASH FIRE,None,0
148,RIVAL,CHRIS,0,2,CHARMELEON,28,EMBER,METAL CLAW,SMOKESCREEN,SCARY FACE,Level-up,BLAZE,None,0
149,RIVAL,DREW,0,1,RATICATE,25,QUICK ATTACK,SNATCH,HYPER FANG,SCARY FACE,Level-up,RUN AWAY / GUTS,None,0
149,RIVAL,DREW,0,2,SANDSLASH,25,SAND-ATTACK,SAND TOMB,POISON STING,SLASH,Level-up,SAND VEIL,None,0
149,RIVAL,DREW,0,3,ARBOK,25,POISON STING,BITE,GLARE,SCREECH,Level-up,INTIMIDATE / SHED SKIN,None,0
149,RIVAL,DREW,0,4,DUGTRIO,25,MAGNITUDE,DIG,FURY SWIPES,MUD-SLAP,Level-up,SAND VEIL / ARENA TRAP,None,0
150,ROCKET,DIANA,0,1,GOLDEEN,23,PECK,WATER SPORT,SUPERSONIC,HORN ATTACK,Level-up,SWIFT SWIM / WATER VEIL,None,0
151,ROCKET,NANCY,0,1,RATICATE,20,QUICK ATTACK,SNATCH,HYPER FANG,SCARY FACE,Level-up,RUN AWAY / GUTS,None,0
151,ROCKET,NANCY,0,2,PIKACHU,20,THUNDER WAVE,QUICK ATTACK,DOUBLE TEAM,SLAM,Level-up,STATIC,None,0
152,ROCKET,ISABELLE,0,1,PIDGEOTTO,20,SAND-ATTACK,GUST,QUICK ATTACK,WHIRLWIND,Level-up,KEEN EYE,None,0
152,ROCKET,ISABELLE,0,2,DODUO,20,GROWL,PECK,PURSUIT,FURY ATTACK,Level-up,RUN AWAY / EARLY BIRD,None,0
152,ROCKET,ISABELLE,0,3,EEVEE,20,RAIN DANCE,HELPING HAND,SAND-ATTACK,WATER GUN,Level-up,RUN AWAY,None,0
153,ROCKET,KELSEY,0,1,NIDORAN+,18,POISON STING,DOUBLE KICK,TAIL WHIP,GROWL,Level-up,POISON POINT,None,0
153,ROCKET,KELSEY,0,2,NIDORAN,18,POISON STING,DOUBLE KICK,TAIL WHIP,GROWL,Level-up,POISON POINT,None,0
154,ROCKET,ALICIA,0,1,GLOOM,24,STUN SPORE,SLEEP POWDER,SWIFT,ACID,Level-up,CHLOROPHYLL,None,0
154,ROCKET,ALICIA,0,2,WEEPINBELL,24,POISONPOWDER,STUN SPORE,SLEEP POWDER,RAZOR LEAF,Level-up,CHLOROPHYLL,None,0
154,ROCKET,ALICIA,0,3,VILEPLUME,24,STUN SPORE,SLEEP POWDER,SWIFT,ACID,Level-up,CHLOROPHYLL,None,0
154,ROCKET,ALICIA,0,4,VICTREEBEL,24,POISONPOWDER,STUN SPORE,SLEEP POWDER,RAZOR LEAF,Level-up,CHLOROPHYLL,None,0
155,ROCKET,CAITLIN,0,1,PERSIAN,31,PAY DAY,FAINT ATTACK,FURY SWIPES,SLASH,Level-up,LIMBER,None,0
156,ROCKET,HEIDI,0,1,RAICHU,29,QUICK ATTACK,DOUBLE TEAM,SLAM,SPARK,Level-up,STATIC,None,0
156,ROCKET,HEIDI,0,2,CLEFABLE,29,SWIFT,MINIMIZE,DEFENSE CURL,METRONOME,Level-up,CUTE CHARM,None,0
157,ROCKET,CAROL,0,1,PIDGEOT,30,GUST,QUICK ATTACK,WHIRLWIND,WING ATTACK,Level-up,KEEN EYE,None,0
157,ROCKET,CAROL,0,2,BLISSEY,30,SOFTBOILED,DOUBLESLAP,MINIMIZE,SING,Level-up,NATURAL CURE / SERENE GRACE,None,0
158,ROCKET,SOFIA,0,1,WIGGLYTUFF,30,DISABLE,ROLLOUT,DOUBLESLAP,REST,Level-up,CUTE CHARM,None,0
158,ROCKET,SOFIA,0,2,PIDGEOT,30,GUST,QUICK ATTACK,WHIRLWIND,WING ATTACK,Level-up,KEEN EYE,None,0
158,ROCKET,SOFIA,0,3,PERSIAN,30,BITE,PAY DAY,FAINT ATTACK,FURY SWIPES,Level-up,LIMBER,None,0
159,ROCKET,MARTHA,0,1,GLOOM,30,SLEEP POWDER,SWIFT,ACID,TOXIC,Level-up,CHLOROPHYLL,None,0
159,ROCKET,MARTHA,0,2,VENUSAUR,30,POISONPOWDER,SLEEP POWDER,RAZOR LEAF,SWEET SCENT,Level-up,OVERGROW,None,0
160,ROCKET,TINA,0,1,VENUSAUR,36,SLEEP POWDER,RAZOR LEAF,SWEET SCENT,SLUDGE BOMB,Level-up,OVERGROW,None,0
160,ROCKET,TINA,0,2,TANGROWTH,36,POISONPOWDER,VINE WHIP,BIND,MEGA DRAIN,Level-up,CHLOROPHYLL,None,0
161,ROCKET,HANNAH,0,1,PIDGEY,24,SAND-ATTACK,GUST,QUICK ATTACK,WHIRLWIND,Level-up,KEEN EYE,None,0
161,ROCKET,HANNAH,0,2,MEOWTH,24,GROWL,BITE,PAY DAY,FAINT ATTACK,Level-up,PICKUP,None,0
161,ROCKET,HANNAH,0,3,RATTATA,24,QUICK ATTACK,HYPER FANG,SCARY FACE,PURSUIT,Level-up,RUN AWAY / GUTS,None,0
161,ROCKET,HANNAH,0,4,PIKACHU,24,THUNDER WAVE,QUICK ATTACK,DOUBLE TEAM,SLAM,Level-up,STATIC,None,0
161,ROCKET,HANNAH,0,5,MEOWTH,24,GROWL,BITE,PAY DAY,FAINT ATTACK,Level-up,PICKUP,None,0
193,CLASS#65,OLIVER,0,1,ONIX,29,ROCK THROW,HARDEN,RAGE,ROCK SLIDE,Level-up,ROCK HEAD / STURDY,None,0
193,CLASS#65,OLIVER,0,2,RHYDON,28,STOMP,FURY ATTACK,METAL CLAW,SCARY FACE,Level-up,LIGHTNINGROD / ROCK HEAD,None,0
193,CLASS#65,OLIVER,0,3,OMANYTE,29,CONSTRICT,BITE,WATER GUN,MUD SHOT,Level-up,SWIFT SWIM / SHELL ARMOR,None,0
198,CLASS#66,ALEX,0,1,KABUTOPS,40,CLAMP,LEER,WATERFALL,ROCK SLIDE,Level-up,SWIFT SWIM / BATTLE ARMOR,None,0
198,CLASS#66,ALEX,0,2,MUK,40,ACID ARMOR,STOCKPILE,SLUDGE BOMB,PAIN SPLIT,Level-up,STENCH / STICKY HOLD,None,0
198,CLASS#66,ALEX,0,3,SNORLAX,40,REST,SNORE,BODY SLAM,SLEEP TALK,Level-up,IMMUNITY / THICK FAT,None,0
208,CLASS#66,ISAAC,0,1,MUK,42,ACID ARMOR,STOCKPILE,SLUDGE BOMB,PAIN SPLIT,Level-up,STENCH / STICKY HOLD,None,0
208,CLASS#66,ISAAC,0,2,VICTREEBEL,42,SWEET SCENT,SLUDGE BOMB,SLAM,TOXIC,Level-up,CHLOROPHYLL,None,0
208,CLASS#66,ISAAC,0,3,RAPIDASH,40,STOMP,TAKE DOWN,AGILITY,BOUNCE,Level-up,RUN AWAY / FLASH FIRE,None,0
237,ER+,MATTHEW,0,1,POLITOES,50,SUBMISSION,BULK UP,ICE PUNCH,MEGA PUNCH,Level-up,WATER ABSORB / DAMP,None,0
237,ER+,MATTHEW,0,2,FERRAPIN,51,RAPID SPIN,BUBBLEBEAM,PROTECT,RAIN DANCE,Level-up,SHELL ARMOR,None,0
284,RIVAL,RANDALL,0,1,VOLTORB,20,TACKLE,CHARGE,SCREECH,SONICBOOM,Level-up,SOUNDPROOF / STATIC,None,0
284,RIVAL,RANDALL,0,2,MAGNEMITE,20,METAL SOUND,THUNDERSHOCK,SUPERSONIC,SONICBOOM,Level-up,MAGNET PULL / STURDY,None,0
284,RIVAL,RANDALL,0,3,VOLTORB,20,TACKLE,CHARGE,SCREECH,SONICBOOM,Level-up,SOUNDPROOF / STATIC,None,0
285,RIVAL,LUCA,0,1,ELECTRODES,40,SHOCK WAVE,SELFDESTRUCT,ROLLOUT,LIGHT SCREEN,Level-up,SOUNDPROOF / STATIC,None,0
285,RIVAL,LUCA,0,2,ELECTIVIRE,40,CHARGE,SWIFT,SCREECH,THUNDERBOLT,Level-up,STATIC / THICK FAT,None,0
326,RIVAL,TERRY,0,1,SQUIRTLE,5,TACKLE,BUBBLE,TAIL WHIP,-,Level-up,TORRENT,None,0
327,RIVAL,TERRY,0,1,BULBASAUR,5,TACKLE,LEECH SEED,GROWL,-,Level-up,OVERGROW,None,0
328,RIVAL,TERRY,0,1,CHARMANDER,5,SCRATCH,GROWL,EMBER,-,Level-up,BLAZE,None,0
329,RIVAL,TERRY,1,1,PIDGEY,10,TACKLE,SAND-ATTACK,GUST,-,Level-up,KEEN EYE,REVIVAL HERB,50
330,RIVAL,TERRY,1,1,PIDGEY,10,TACKLE,SAND-ATTACK,GUST,-,Level-up,KEEN EYE,REVIVAL HERB,50
331,RIVAL,TERRY,1,1,PIDGEY,10,TACKLE,SAND-ATTACK,GUST,-,Level-up,KEEN EYE,REVIVAL HERB,50
332,RIVAL,TERRY,1,1,PIDGEOTTO,21,SAND-ATTACK,GUST,QUICK ATTACK,WHIRLWIND,Level-up,KEEN EYE,REVIVAL HERB,50
332,RIVAL,TERRY,1,2,DIGLETT,16,SAND-ATTACK,GROWL,TRI ATTACK,MAGNITUDE,Level-up,SAND VEIL / ARENA TRAP,None,28
332,RIVAL,TERRY,1,3,KADABRA,20,TELEPORT,KINESIS,CONFUSION,DISABLE,Level-up,SYNCHRONIZE / INNER FOCUS,SUN STONE,50
333,RIVAL,TERRY,1,1,PIDGEOTTO,21,SAND-ATTACK,GUST,QUICK ATTACK,WHIRLWIND,Level-up,KEEN EYE,REVIVAL HERB,50
333,RIVAL,TERRY,1,2,DIGLETT,16,SAND-ATTACK,GROWL,TRI ATTACK,MAGNITUDE,Level-up,SAND VEIL / ARENA TRAP,None,28
333,RIVAL,TERRY,1,3,KADABRA,20,TELEPORT,KINESIS,CONFUSION,DISABLE,Level-up,SYNCHRONIZE / INNER FOCUS,SUN STONE,50
334,RIVAL,TERRY,1,1,PIDGEOTTO,21,SAND-ATTACK,GUST,QUICK ATTACK,WHIRLWIND,Level-up,KEEN EYE,REVIVAL HERB,50
334,RIVAL,TERRY,1,2,DIGLETT,16,SAND-ATTACK,GROWL,TRI ATTACK,MAGNITUDE,Level-up,SAND VEIL / ARENA TRAP,None,28
334,RIVAL,TERRY,1,3,KADABRA,20,TELEPORT,KINESIS,CONFUSION,DISABLE,Level-up,SYNCHRONIZE / INNER FOCUS,SUN STONE,50
341,TIST,TAYLOR,1,1,ELECTRODES,40,SHOCK WAVE,SELFDESTRUCT,ROLLOUT,LIGHT SCREEN,Level-up,SOUNDPROOF / STATIC,SECRET KEY,0
341,TIST,TAYLOR,1,2,WEEZING,40,SLUDGE,SMOKESCREEN,HAZE,TRI ATTACK,Level-up,LEVITATE,STARDUST,0
341,TIST,TAYLOR,1,3,MAGNEZONE,40,SHOCK WAVE,LOCK-ON,FLASH CANNON,SWIFT,Level-up,MAGNET PULL / STURDY,REPEL,0
348,LEADER,GIOVANNI,0,1,KANGASKHAN,36,TAIL WHIP,FAKE OUT,MEGA PUNCH,RAGE,Level-up,EARLY BIRD,None,250
348,LEADER,GIOVANNI,0,2,STEELIX,36,RAGE,ROCK SLIDE,IRON DEFENSE,SANDSTORM,Level-up,ROCK HEAD / STURDY,None,250
348,LEADER,GIOVANNI,0,3,RHYPERIOR,38,SCARY FACE,ROCK BLAST,MAGNITUDE,HORN DRILL,Level-up,LIGHTNINGROD / ROCK HEAD,None,250
348,LEADER,GIOVANNI,0,4,FELANKH,42,FURY SWIPES,SLASH,CRUNCH,FAKE OUT,Level-up,LIMBER,None,250
349,LEADER,GIOVANNI,0,1,FELANKH,52,FAKE OUT,COUNTER,SWAGGER,PSYCHIC,Level-up,LIMBER,None,250
349,LEADER,GIOVANNI,0,2,NIDORULY,53,SWAGGER,HORN DRILL,POISON JAB,EARTHQUAKE,Level-up,POISON POINT,None,250
349,LEADER,GIOVANNI,0,3,KANGALLOUS,53,ENDURE,BONE CLUB,DIZZY PUNCH,REVERSAL,Level-up,INTIMIDATE,None,250
349,LEADER,GIOVANNI,0,4,RHYMARKABL,61,TAKE DOWN,CRUSH CLAW,EARTHQUAKE,CURSE,Level-up,LIGHTNINGROD / ROCK HEAD,None,250
349,LEADER,GIOVANNI,0,5,NIDOARCHY,58,HORN ATTACK,SAND TOMB,SWAGGER,HORN DRILL,Level-up,INTIMIDATE,None,250
350,RIVAL,GIOVANNI,1,1,PATRAPHINX,66,SCREECH,PSYCH UP,FURY SWIPES,HYDRO PUMP,Level-up,MOXIE,Item#89,0
350,RIVAL,GIOVANNI,1,2,DIGLENOID,66,SLASH,CRUNCH,FAKE OUT,SWAGGER,Level-up,SAND VEIL / ARENA TRAP,SPELON BERRY,0
350,RIVAL,GIOVANNI,1,3,STALAGMIX,67,PSYCHIC,PSYCH UP,SHADOW BALL,FUTURE SIGHT,Level-up,ROCK HEAD / STURDY,STARF BERRY,0
351,ROCKET,GRUNT,0,1,RATTATA,16,TAIL WHIP,QUICK ATTACK,HYPER FANG,SCARY FACE,Level-up,RUN AWAY / GUTS,None,0
351,ROCKET,GRUNT,0,2,ZUBAT,16,LEECH LIFE,ASTONISH,SUPERSONIC,BITE,Level-up,INNER FOCUS,None,0
352,ROCKET,GRUNT,0,1,SANDSHREW,13,SCRATCH,DEFENSE CURL,SAND-ATTACK,-,Level-up,SAND VEIL,None,0
352,ROCKET,GRUNT,0,2,RATTATA,13,TACKLE,TAIL WHIP,QUICK ATTACK,HYPER FANG,Level-up,RUN AWAY / GUTS,None,0
352,ROCKET,GRUNT,0,3,ZUBAT,13,BITE,LEECH LIFE,ASTONISH,SUPERSONIC,Level-up,INNER FOCUS,None,0
353,ROCKET,GRUNT,0,1,ZUBAT,13,BITE,LEECH LIFE,ASTONISH,SUPERSONIC,Level-up,INNER FOCUS,None,0
353,ROCKET,GRUNT,0,2,EKANS,13,WRAP,LEER,POISON STING,BITE,Level-up,INTIMIDATE / SHED SKIN,None,0
354,ROCKET,GRUNT,0,1,RATTATA,16,TAIL WHIP,QUICK ATTACK,HYPER FANG,SCARY FACE,Level-up,RUN AWAY / GUTS,None,0
354,ROCKET,GRUNT,0,2,MEOWTH,16,SCRATCH,GROWL,BITE,PAY DAY,Level-up,PICKUP,None,0
355,ROCKET,GRUNT,0,1,MACHOKE,21,LOW KICK,FOCUS ENERGY,KARATE CHOP,SEISMIC TOSS,Level-up,GUTS,None,0
355,ROCKET,GRUNT,0,2,DROWZEE,21,MIND READER,CONFUSION,SWIFT,POISON GAS,Level-up,INSOMNIA,None,0
356,ROCKET,GRUNT,0,1,PIKACHU,18,TAIL WHIP,THUNDER WAVE,QUICK ATTACK,DOUBLE TEAM,Level-up,STATIC,None,0
356,ROCKET,GRUNT,0,2,ZUBAT,18,LEECH LIFE,ASTONISH,SUPERSONIC,BITE,Level-up,INNER FOCUS,None,0
357,ROCKET,GRUNT,0,1,RATTCHET,32,SCARY FACE,UPROAR,PURSUIT,SUPER FANG,Level-up,RUN AWAY / GUTS,None,0
357,ROCKET,GRUNT,0,2,CROBAT,32,BITE,WING ATTACK,CONFUSE RAY,POISON JAB,Level-up,INNER FOCUS,None,0
358,ROCKET,GRUNT,0,1,HYPNO,32,CONFUSION,SWIFT,POISON GAS,MEDITATE,Level-up,INSOMNIA,None,0
358,ROCKET,GRUNT,0,2,MACHAMP,32,SEISMIC TOSS,FORESIGHT,REVENGE,VITAL THROW,Level-up,GUTS,None,0
359,ROCKET,GRUNT,0,1,RATTCHET,32,SCARY FACE,UPROAR,PURSUIT,SUPER FANG,Level-up,RUN AWAY / GUTS,None,0
359,ROCKET,GRUNT,0,2,GENGAR,32,DREAM EATER,HYPNOSIS,DESTINY BOND,SLUDGE,Level-up,LEVITATE,None,0
360,ROCKET,GRUNT,1,1,MUK,32,SLUDGE,MINIMIZE,SCREECH,ACID ARMOR,Level-up,STENCH / STICKY HOLD,BIG PEARL,0
360,ROCKET,GRUNT,1,2,MOLTREM,50,EARTHQUAKE,ROCK SLIDE,EXPLOSION,DOUBLE-EDGE,Level-up,ROCK HEAD / STURDY,None,124
360,ROCKET,GRUNT,1,3,WEEZING,32,SELFDESTRUCT,SLUDGE,SMOKESCREEN,HAZE,Level-up,LEVITATE,MECH MAIL,0
361,ROCKET,GRUNT,0,1,RATICATE,30,SNATCH,HYPER FANG,SCARY FACE,PURSUIT,Level-up,RUN AWAY / GUTS,None,0
361,ROCKET,GRUNT,0,2,HAUNTER,30,CONFUSE RAY,DREAM EATER,HYPNOSIS,DESTINY BOND,Level-up,LEVITATE,None,0
361,ROCKET,GRUNT,0,3,TENTACOOL,30,CONSTRICT,ACID,BUBBLEBEAM,WRAP,Level-up,CLEAR BODY / LIQUID OOZE,None,0
361,ROCKET,GRUNT,0,4,VAPOREON,32,SAND-ATTACK,WATER GUN,QUICK ATTACK,BITE,Level-up,WATER ABSORB,None,0
362,ROCKET,GRUNT,1,1,MUK,34,MINIMIZE,SCREECH,ACID ARMOR,STOCKPILE,Level-up,STENCH / STICKY HOLD,RED SCARF,0
362,ROCKET,GRUNT,1,2,MOLTREM,50,EARTHQUAKE,ROCK SLIDE,EXPLOSION,DOUBLE-EDGE,Level-up,ROCK HEAD / STURDY,None,124
363,ROCKET,GRUNT,1,1,GOLBAT,29,SUPERSONIC,BITE,WING ATTACK,CONFUSE RAY,Level-up,INNER FOCUS,BERRY JUICE,0
363,ROCKET,GRUNT,1,2,CARNABELL,17,WRAP,POISONPOWDER,STUN SPORE,SLEEP POWDER,Level-up,CHLOROPHYLL,None,109
363,ROCKET,GRUNT,1,3,KOFFING,29,SMOG,SELFDESTRUCT,SLUDGE,SMOKESCREEN,Level-up,LEVITATE,MECH MAIL,0
364,ROCKET,GRUNT,0,1,RATTCHET,31,SCARY FACE,UPROAR,PURSUIT,SUPER FANG,Level-up,RUN AWAY / GUTS,None,0
364,ROCKET,GRUNT,0,2,TENTACOOL,31,CONSTRICT,ACID,BUBBLEBEAM,WRAP,Level-up,CLEAR BODY / LIQUID OOZE,None,0
364,ROCKET,GRUNT,0,3,HYPNO,31,CONFUSION,SWIFT,POISON GAS,MEDITATE,Level-up,INSOMNIA,None,0
365,ROCKET,GRUNT,0,1,MACHAMP,32,SEISMIC TOSS,FORESIGHT,REVENGE,VITAL THROW,Level-up,GUTS,None,0
365,ROCKET,GRUNT,0,2,PRIMEAPE,32,FOCUS ENERGY,SEISMIC TOSS,RAGE,CROSS CHOP,Level-up,VITAL SPIRIT,None,0
366,ROCKET,GRUNT,0,1,SANDSLAM,35,SLASH,MAGNITUDE,ROLLOUT,FURY SWIPES,Level-up,STURDY,None,0
366,ROCKET,GRUNT,0,2,NOHTYP,35,BITE,GLARE,SCREECH,POISON FANG,Level-up,INTIMIDATE / SHED SKIN,None,0
366,ROCKET,GRUNT,0,3,CROBAT,35,BITE,WING ATTACK,CONFUSE RAY,POISON JAB,Level-up,INNER FOCUS,None,0
367,ROCKET,GRUNT,0,1,NOHTYP,35,BITE,GLARE,SCREECH,POISON FANG,Level-up,INTIMIDATE / SHED SKIN,None,0
367,ROCKET,GRUNT,0,2,JOLTEON,35,SAND-ATTACK,THUNDERSHOCK,QUICK ATTACK,DOUBLE KICK,Level-up,VOLT ABSORB,None,0
367,ROCKET,GRUNT,0,3,TENTACRUEL,35,CONSTRICT,ACID,BUBBLEBEAM,WRAP,Level-up,CLEAR BODY / LIQUID OOZE,None,0
368,ROCKET,GRUNT,0,1,WEEZING,32,SELFDESTRUCT,SLUDGE,SMOKESCREEN,HAZE,Level-up,LEVITATE,None,0
368,ROCKET,GRUNT,0,2,CROBAT,32,BITE,WING ATTACK,CONFUSE RAY,POISON JAB,Level-up,INNER FOCUS,None,0
369,ROCKET,GRUNT,0,1,CROBAT,40,WING ATTACK,CONFUSE RAY,POISON JAB,MEAN LOOK,Level-up,INNER FOCUS,None,0
369,ROCKET,GRUNT,0,2,SNEEROW,40,MIRROR MOVE,TAUNT,DRILL PECK,AGILITY,Level-up,INSOMNIA,None,0
369,ROCKET,GRUNT,0,3,DRONARCH,40,SWORDS DANCE,ENCORE,AGILITY,MEGAHORN,Level-up,SWARM,None,0
370,ROCKET,GRUNT,0,1,WEEZING,41,SLUDGE,SMOKESCREEN,HAZE,TRI ATTACK,Level-up,LEVITATE,None,0
370,ROCKET,GRUNT,0,2,LULLOO,42,POISON GAS,MEDITATE,PSYCHIC,FOUL PLAY,Level-up,INSOMNIA,None,0
371,ROCKET,GRUNT,0,1,CROBAT,39,WING ATTACK,CONFUSE RAY,POISON JAB,MEAN LOOK,Level-up,INNER FOCUS,None,0
371,ROCKET,GRUNT,0,2,RATTCHET,40,PURSUIT,SUPER FANG,POISON FANG,FOUL PLAY,Level-up,RUN AWAY / GUTS,None,0
371,ROCKET,GRUNT,0,3,NOHTYP,41,POISON FANG,STOCKPILE,SPIT UP,SWALLOW,Level-up,INTIMIDATE / SHED SKIN,None,0
371,ROCKET,GRUNT,0,4,FELANKH,42,FURY SWIPES,SLASH,CRUNCH,FAKE OUT,Level-up,LIMBER,None,0
372,ROCKET,GRUNT,0,1,DROWZEE,26,MIND READER,CONFUSION,SWIFT,POISON GAS,Level-up,INSOMNIA,None,0
372,ROCKET,GRUNT,0,2,KOFFING,26,SMOG,SELFDESTRUCT,SLUDGE,SMOKESCREEN,Level-up,LEVITATE,None,0
373,ROCKET,GRUNT,0,1,OSSELOBBER,45,RAGE,FALSE SWIPE,THRASH,BONE RUSH,Level-up,ROCK HEAD / LIGHTNINGROD,None,0
373,ROCKET,GRUNT,0,2,POLABAT,45,POISON JAB,MEAN LOOK,CRUNCH,AERIAL ACE,Level-up,INNER FOCUS,None,0
374,ROCKET,GRUNT,0,1,POLABAT,41,CONFUSE RAY,POISON JAB,MEAN LOOK,CRUNCH,Level-up,INNER FOCUS,None,0
374,ROCKET,GRUNT,0,2,SEPISTRIKE,41,WING ATTACK,FEATHERDANCE,AGILITY,MIRROR MOVE,Level-up,SWARM,None,0
374,ROCKET,GRUNT,0,3,RATTCHET,41,PURSUIT,SUPER FANG,POISON FANG,FOUL PLAY,Level-up,RUN AWAY / GUTS,None,0
375,ROCKET,GRUNT,0,1,RATTARULE,42,AERIAL ACE,MIRROR MOVE,DRILL PECK,AGILITY,Level-up,POISON POINT / GUTS,None,0
375,ROCKET,GRUNT,0,2,LULLOO,42,POISON GAS,MEDITATE,PSYCHIC,FOUL PLAY,Level-up,INSOMNIA,None,0
375,ROCKET,GRUNT,0,3,GENGAR,43,DESTINY BOND,SLUDGE,SHADOW BALL,NIGHTMARE,Level-up,LEVITATE,None,0
376,ROCKET,GRUNT,0,1,GIGGLYHUFF,44,BODY SLAM,MIMIC,AIR SLASH,HYPER VOICE,Level-up,CLOUD NINE,None,0
376,ROCKET,GRUNT,0,2,LULLOO,43,MEDITATE,PSYCHIC,FOUL PLAY,PSYCH UP,Level-up,INSOMNIA,None,0
377,ROCKET,GRUNT,0,1,NOHTYP,42,POISON FANG,STOCKPILE,SPIT UP,SWALLOW,Level-up,INTIMIDATE / SHED SKIN,None,0
377,ROCKET,GRUNT,0,2,QUADODO,42,TRIPLE KICK,UPROAR,DRILL PECK,AGILITY,Level-up,RUN AWAY / EARLY BIRD,None,0
377,ROCKET,GRUNT,0,3,OSSELOBBER,42,RAGE,FALSE SWIPE,THRASH,BONE RUSH,Level-up,ROCK HEAD / LIGHTNINGROD,None,0
378,ROCKET,GRUNT,0,1,ADNOKANA,49,AGILITY,THUNDER,LIGHT SCREEN,THUNDERBOLT,Level-up,INTIMIDATE / SHED SKIN,None,0
379,ROCKET,GRUNT,0,1,LULLOO,49,PSYCHIC,FOUL PLAY,PSYCH UP,SHADOW BALL,Level-up,INSOMNIA,None,0
380,ROCKET,GRUNT,0,1,MACHULK,43,VITAL THROW,SUBMISSION,CROSS CHOP,BULK UP,Level-up,GUTS,None,0
380,ROCKET,GRUNT,0,2,ENCHANCED,44,SKY UPPERCUT,SHADOW PUNCH,MEDITATE,DETECT,Level-up,IRON FIST,None,0
381,ROCKET,GRUNT,0,1,CROBAT,42,CONFUSE RAY,POISON JAB,MEAN LOOK,CRUNCH,Level-up,INNER FOCUS,None,0
381,ROCKET,GRUNT,0,2,POLABAT,42,CONFUSE RAY,POISON JAB,MEAN LOOK,CRUNCH,Level-up,INNER FOCUS,None,0
381,ROCKET,GRUNT,0,3,ORNITHOW,42,STOCKPILE,SPIT UP,SWALLOW,HAZE,Level-up,INSOMNIA,None,0
382,ROCKET,GRUNT,0,1,RATTARULE,45,AERIAL ACE,MIRROR MOVE,DRILL PECK,AGILITY,Level-up,POISON POINT / GUTS,None,0
382,ROCKET,GRUNT,0,2,NOHTYP,45,STOCKPILE,SPIT UP,SWALLOW,HAZE,Level-up,INTIMIDATE / SHED SKIN,None,0
382,ROCKET,GRUNT,0,3,HEEVING,46,HAZE,TRI ATTACK,EXPLOSION,SLUDGE BOMB,Level-up,LEVITATE,None,0
383,ROCKET,GRUNT,0,1,OSSELOBBER,45,RAGE,FALSE SWIPE,THRASH,BONE RUSH,Level-up,ROCK HEAD / LIGHTNINGROD,None,0
383,ROCKET,GRUNT,0,2,SANDSLAM,45,ROLLOUT,FURY SWIPES,SANDSTORM,SPIKES,Level-up,STURDY,None,0
384,ROCKET,GRUNT,0,1,DRAGONITE,45,SLAM,AGILITY,SAFEGUARD,DRAGON PULSE,Level-up,INNER FOCUS,None,0
384,ROCKET,GRUNT,0,2,NIDOREGAL,46,SAND TOMB,FLATTER,CRUNCH,POISON JAB,Level-up,POISON POINT,None,0
385,ROCKET,GRUNT,0,1,RATTARULE,42,AERIAL ACE,MIRROR MOVE,DRILL PECK,AGILITY,Level-up,POISON POINT / GUTS,None,0
385,ROCKET,GRUNT,0,2,POLABAT,42,CONFUSE RAY,POISON JAB,MEAN LOOK,CRUNCH,Level-up,INNER FOCUS,None,0
385,ROCKET,GRUNT,0,3,TENTACATE,42,ACID,BUBBLEBEAM,WRAP,BARRIER,Level-up,CLEAR BODY / LIQUID OOZE,None,0
385,ROCKET,GRUNT,0,4,SANDSLAM,42,ROLLOUT,FURY SWIPES,SANDSTORM,SPIKES,Level-up,STURDY,None,0
386,ROCKET,GRUNT,0,1,HEEVING,45,SMOKESCREEN,HAZE,TRI ATTACK,EXPLOSION,Level-up,LEVITATE,None,0
386,ROCKET,GRUNT,0,2,POLABAT,46,CRUNCH,AERIAL ACE,TOXIC,HAZE,Level-up,INNER FOCUS,None,0
386,ROCKET,GRUNT,0,3,SLAGOLEM,46,ROCK BLAST,EARTHQUAKE,ROCK SLIDE,EXPLOSION,Level-up,ROCK HEAD / STURDY,None,0
387,ROCKET,GRUNT,0,1,LULLOO,45,MEDITATE,PSYCHIC,FOUL PLAY,PSYCH UP,Level-up,INSOMNIA,None,0
387,ROCKET,GRUNT,0,2,GUNK,45,STOCKPILE,SLUDGE BOMB,PAIN SPLIT,DARK PULSE,Level-up,STENCH / STICKY HOLD,None,0
387,ROCKET,GRUNT,0,3,MACHULK,46,VITAL THROW,SUBMISSION,CROSS CHOP,BULK UP,Level-up,GUTS,None,0
388,ROCKET,GRUNT,0,1,POLABAT,44,POISON JAB,MEAN LOOK,CRUNCH,AERIAL ACE,Level-up,INNER FOCUS,None,0
388,ROCKET,GRUNT,0,2,GILDUCK,44,SCREECH,PSYCH UP,FURY SWIPES,HYDRO PUMP,Level-up,DAMP / CLOUD NINE,None,0
388,ROCKET,GRUNT,0,3,RAFFLURK,45,TOXIC,PETAL DANCE,MOONLIGHT,ENERGY BALL,Level-up,LIQUID OOZE,None,0
389,ROCKET,GRUNT,0,1,MACHULK,52,CROSS CHOP,BULK UP,DYNAMICPUNCH,CLOSE COMBAT,Level-up,GUTS,None,0
390,ROCKET,GRUNT,0,1,RATTCHET,44,PURSUIT,SUPER FANG,POISON FANG,FOUL PLAY,Level-up,RUN AWAY / GUTS,None,0
390,ROCKET,GRUNT,0,2,LICKILOLLY,46,DISABLE,SCREECH,AURORA BEAM,AURORA VEIL,Level-up,SNOW WARNING / OBLIVIOUS,None,0
390,ROCKET,GRUNT,0,3,POLABAT,45,POISON JAB,MEAN LOOK,CRUNCH,AERIAL ACE,Level-up,INNER FOCUS,None,0
390,ROCKET,GRUNT,0,4,RATTARULE,45,AERIAL ACE,MIRROR MOVE,DRILL PECK,AGILITY,Level-up,POISON POINT / GUTS,None,0
390,ROCKET,GRUNT,0,5,NOHTYP,44,STOCKPILE,SPIT UP,SWALLOW,HAZE,Level-up,INTIMIDATE / SHED SKIN,None,0
391,ROCKET,GRUNT,0,1,OSSELOBBER,44,RAGE,FALSE SWIPE,THRASH,BONE RUSH,Level-up,ROCK HEAD / LIGHTNINGROD,None,0
391,ROCKET,GRUNT,0,2,SINGESHA,46,HELPING HAND,AGILITY,BLAZE KICK,EXTREMESPEED,Level-up,INTIMIDATE / FLASH FIRE,None,0
391,ROCKET,GRUNT,0,3,NIDORULY,46,SAND TOMB,SWAGGER,HORN DRILL,POISON JAB,Level-up,POISON POINT,None,0
404,RAINER,ALEXA,0,1,CLEFANAUT,65,SWIFT,SAFEGUARD,FLAMETHROWER,MORNING SUN,Level-up,ILLUMINATE,None,100
404,RAINER,ALEXA,0,2,BOGGLYFUFF,65,MEAN LOOK,CRUNCH,AERIAL ACE,HAZE,Level-up,CLOUD NINE,None,100
404,RAINER,ALEXA,0,3,PATRAPHINX,66,SCREECH,PSYCH UP,FURY SWIPES,HYDRO PUMP,Level-up,MOXIE,None,100
404,RAINER,ALEXA,0,4,PORYGON2A4,66,PROTECT,TICKLE,ANCIENTPOWER,HYDRO PUMP,Level-up,BATTLE ARMOR,None,100
404,RAINER,ALEXA,0,5,LUKKEY,67,DEFENSE CURL,LIGHT SCREEN,DOUBLE-EDGE,RECOVER,Level-up,NATURAL CURE / SERENE GRACE,None,100
410,ELITE FOUR,LORELEI,3,1,LICKILATO,75,ICE BEAM,SWALLOW,AURORA VEIL,STOCKPILE,Custom,SNOW WARNING / OBLIVIOUS,None,250
410,ELITE FOUR,LORELEI,3,2,GLAISHELL,75,ICICLE SPEAR,PROTECT,HAIL,IRON DEFENSE,Custom,SNOW WARNING,None,250
410,ELITE FOUR,LORELEI,3,3,MANATII,76,SURF,ICE BEAM,HAIL,YAWN,Custom,THICK FAT,None,250
410,ELITE FOUR,LORELEI,3,4,JEEPERS,76,BLIZZARD,PSYCHIC,SHADOW BALL,ATTRACT,Custom,SNOW CLOAK,None,250
410,ELITE FOUR,LORELEI,3,5,MISSINGNO,77,MIRROR COAT,FLASH CANNON,METRONOME,REFLECT,Custom,MAGIC BOUNCE,None,250
410,ELITE FOUR,LORELEI,3,6,NESSEA,78,HYDRO PUMP,ICE BEAM,UPROAR,PSYCHIC,Custom,WATER ABSORB / SHELL ARMOR,SITRUS BERRY,250
411,ELITE FOUR,BRUNO,3,1,RADIACHAN,76,CLOSE COMBAT,COSMIC POWER,SHADOW PUNCH,FUTURE SIGHT,Custom,MAGIC BOUNCE,None,250
411,ELITE FOUR,BRUNO,3,2,POLIATH,76,ZEN HEADBUTT,SUPERPOWER,BULK UP,ICE PUNCH,Custom,WATER ABSORB / DAMP,None,250
411,ELITE FOUR,BRUNO,3,3,SPIRITULEE,77,EXTREMESPEED,BLAZE KICK,ZEN HEADBUTT,REVERSAL,Custom,MOXIE,None,250
411,ELITE FOUR,BRUNO,3,4,BONUMBELL,77,SUPERPOWER,IRON HEAD,NEEDLE ARM,BULK UP,Custom,VITAL SPIRIT,None,250
411,ELITE FOUR,BRUNO,3,5,MISSINGNO,78,ANCIENTPOWER,METRONOME,AIR SLASH,PSYCHIC,Custom,BATTLE ARMOR,None,250
411,ELITE FOUR,BRUNO,3,6,MACHITAN,79,IRON HEAD,EXTREMESPEED,KNOCK OFF,CLOSE COMBAT,Custom,GUTS,SITRUS BERRY,250
412,ELITE FOUR,AGATHA,3,1,FOWLN'TOM,77,SHADOW PUNCH,CONFUSE RAY,TOXIC,DOUBLE TEAM,Custom,SHADOW TAG / INNER FOCUS,None,250
412,ELITE FOUR,AGATHA,3,2,WRAIWRATH,77,NIGHT SLASH,PERISH SONG,SHADOW BONE,SLASH,Custom,CURSED BODY / LIGHTNINGROD,None,250
412,ELITE FOUR,AGATHA,3,3,OXENFREE,78,MEGAHORN,SKULL BASH,PHANTOMFORCE,ZEN HEADBUTT,Custom,INTIMIDATE,None,250
412,ELITE FOUR,AGATHA,3,4,YOKAYUBI,78,EXTRASENSORY,SHADOW BALL,FLAMETHROWER,MORNING SUN,Custom,FLASH FIRE / SHADOW TAG,None,250
412,ELITE FOUR,AGATHA,3,5,MISSINGNO,79,SHADOW BALL,METRONOME,TRI ATTACK,DOUBLE TEAM,Custom,SHADOW TAG,None,250
412,ELITE FOUR,AGATHA,3,6,GRIMM,80,CALM MIND,PSYCHIC,SHADOW BALL,HYPNOSIS,Custom,BAD DREAMS,SITRUS BERRY,250
413,ELITE FOUR,LANCE,3,1,PINNADRA,78,DRAGONBREATH,DRAGON DANCE,SURF,THUNDERBOLT,Custom,MARVEL SCALE,None,250
413,ELITE FOUR,LANCE,3,2,FORTUNITEY,78,DRAGON PULSE,LIGHT SCREEN,RECOVER,REFRESH,Custom,NATURAL CURE / SERENE GRACE,None,250
413,ELITE FOUR,LANCE,3,3,DODOZEN,79,BRAVE BIRD,DRAGON DANCE,DRAGON CLAW,BLAZE KICK,Custom,THICK FAT / EARLY BIRD,None,250
413,ELITE FOUR,LANCE,3,4,QUAZAR,79,EXTRASENSORY,DRAGON PULSE,AIR SLASH,SURF,Custom,INTIMIDATE / AIR LOCK,None,250
413,ELITE FOUR,LANCE,3,5,MISSINGNO,80,AIR SLASH,ANCIENTPOWER,METRONOME,TRI ATTACK,Custom,PRESSURE,None,250
413,ELITE FOUR,LANCE,3,6,DRAGONTALE,80,FIRE BLAST,AERIAL ACE,DRAGON PULSE,SURF,Custom,INNER FOCUS,SITRUS BERRY,250
414,RIVAL,BROCK,1,1,OMANYTE,12,BITE,WATER GUN,WITHDRAW,CONSTRICT,Level-up,SWIFT SWIM / SHELL ARMOR,RETRO MAIL,0
414,RIVAL,BROCK,1,2,KABUTO,12,SCRATCH,HARDEN,-,-,Level-up,SWIFT SWIM / BATTLE ARMOR,TIMER BALL,0
415,RIVAL,MISTY,3,1,GYARADOS,25,WATER PULSE,BITE,RAIN DANCE,TAUNT,Custom,INTIMIDATE / TORRENT,None,0
415,RIVAL,MISTY,3,2,GOLDUCK,25,BUBBLEBEAM,CONFUSION,SCRATCH,REST,Custom,DAMP / CLOUD NINE,CHESTO BERRY,0
415,RIVAL,MISTY,3,3,STARMIE,28,BUBBLEBEAM,SWIFT,RECOVER,CAMOUFLAGE,Custom,ILLUMINATE / NATURAL CURE,None,0
416,RIVAL,LT. SURGE,1,1,ELECTRODE,31,SCREECH,SONICBOOM,SHOCK WAVE,SELFDESTRUCT,Level-up,SOUNDPROOF / STATIC,SECRET KEY,0
416,RIVAL,LT. SURGE,1,2,JOLTEON,33,SAND-ATTACK,THUNDERSHOCK,QUICK ATTACK,DOUBLE KICK,Level-up,VOLT ABSORB,SECRET KEY,0
416,RIVAL,LT. SURGE,1,3,RHYHORN,24,STOMP,FURY ATTACK,METAL CLAW,SCARY FACE,Level-up,LIGHTNINGROD / ROCK HEAD,None,86
417,RIVAL,ERIKA,1,1,MUCKTRIBEL,41,SWEET SCENT,SLUDGE BOMB,SLAM,TOXIC,Level-up,CHLOROPHYLL,X ATTACK,0
417,RIVAL,ERIKA,1,2,CLOYSTER,92,SHEER COLD,CRUNCH,IRON DEFENSE,EXPLOSION,Level-up,SHELL ARMOR,None,188
417,RIVAL,ERIKA,1,3,RAFFLURK,40,ACID,TOXIC,PETAL DANCE,MOONLIGHT,Level-up,LIQUID OOZE,LIGHT BALL,0
418,RIVAL,KOGA,1,1,ADNOKANA,51,AGILITY,THUNDER,LIGHT SCREEN,THUNDERBOLT,Level-up,INTIMIDATE / SHED SKIN,FAME CHECKER,0
418,RIVAL,KOGA,1,2,GUNK,53,SLUDGE BOMB,PAIN SPLIT,DARK PULSE,MEMENTO,Level-up,STENCH / STICKY HOLD,TOWN MAP,0
418,RIVAL,KOGA,1,3,RATTARULE,52,AERIAL ACE,MIRROR MOVE,DRILL PECK,AGILITY,Level-up,POISON POINT / GUTS,HELIX FOSSIL,0
419,RIVAL,BLAINE,1,1,IMPSECT,63,POISON STING,STRING SHOT,-,-,Level-up,FLASH FIRE,ITEMFINDER,0
419,RIVAL,BLAINE,1,2,INFERNEON,64,TRI ATTACK,RECYCLE,ZAP CANNON,PSYCHIC,Level-up,FLASH FIRE,Item#247,0
419,RIVAL,BLAINE,1,3,KNIGHTMARE,64,HEADBUTT,AMNESIA,PSYCHIC,PSYCH UP,Level-up,SPEED BOOST / FLASH FIRE,HM02,0
419,RIVAL,BLAINE,1,4,CYNDAQUIL,14,TACKLE,LEER,SMOKESCREEN,EMBER,Level-up,BLAZE,None,299
420,RIVAL,SABRINA,1,1,PLATINUPUS,56,CROSS CHOP,SWAGGER,SCREECH,THRASH,Level-up,DAMP / THICK FAT,MOON STONE,0
420,RIVAL,SABRINA,1,2,MAGMORE,56,FLAMETHROWER,FOUL PLAY,CONFUSE RAY,FLASH CANNON,Level-up,FLAME BODY,None,89
420,RIVAL,SABRINA,1,3,SOMNISOOTH,56,GUILLOTINE,PROTECT,CRABHAMMER,FLAIL,Level-up,INSOMNIA,Item#243,0
420,RIVAL,SABRINA,1,4,ELECTRODEX,57,SWIFT,EXPLOSION,HYPER VOICE,MIRROR COAT,Level-up,SOUNDPROOF / STATIC,Item#243,0
426,RIVAL,TERRY,0,1,PIDGEOTTO,26,SAND-ATTACK,GUST,QUICK ATTACK,WHIRLWIND,Level-up,KEEN EYE,None,50
426,RIVAL,TERRY,0,2,RATICATE,22,QUICK ATTACK,SNATCH,HYPER FANG,SCARY FACE,Level-up,RUN AWAY / GUTS,None,50
426,RIVAL,TERRY,0,3,KADABRA,24,CONFUSION,DISABLE,PSYBEAM,REFLECT,Level-up,SYNCHRONIZE / INNER FOCUS,None,50
426,RIVAL,TERRY,0,4,WARTORTLE,27,WATER GUN,BITE,RAPID SPIN,BUBBLEBEAM,Level-up,TORRENT,None,100
427,RIVAL,TERRY,0,1,PIDGEOTTO,26,SAND-ATTACK,GUST,QUICK ATTACK,WHIRLWIND,Level-up,KEEN EYE,None,50
427,RIVAL,TERRY,0,2,RATICATE,22,QUICK ATTACK,SNATCH,HYPER FANG,SCARY FACE,Level-up,RUN AWAY / GUTS,None,50
427,RIVAL,TERRY,0,3,KADABRA,24,CONFUSION,DISABLE,PSYBEAM,REFLECT,Level-up,SYNCHRONIZE / INNER FOCUS,None,50
427,RIVAL,TERRY,0,4,IVYSAUR,27,VINE WHIP,POISONPOWDER,SLEEP POWDER,RAZOR LEAF,Level-up,OVERGROW,None,100
428,RIVAL,TERRY,0,1,PIDGEOTTO,26,SAND-ATTACK,GUST,QUICK ATTACK,WHIRLWIND,Level-up,KEEN EYE,None,50
428,RIVAL,TERRY,0,2,RATICATE,22,QUICK ATTACK,SNATCH,HYPER FANG,SCARY FACE,Level-up,RUN AWAY / GUTS,None,50
428,RIVAL,TERRY,0,3,KADABRA,24,CONFUSION,DISABLE,PSYBEAM,REFLECT,Level-up,SYNCHRONIZE / INNER FOCUS,None,50
428,RIVAL,TERRY,0,4,CHARMELEON,27,EMBER,METAL CLAW,SMOKESCREEN,SCARY FACE,Level-up,BLAZE,None,100
429,RIVAL,TERRY,0,1,PIDGAERO,39,WING ATTACK,FEATHERDANCE,DRILL PECK,AGILITY,Level-up,KEEN EYE,None,100
429,RIVAL,TERRY,0,2,ARCANINE,40,TAKE DOWN,HELPING HAND,AGILITY,BLAZE KICK,Level-up,INTIMIDATE / FLASH FIRE,None,100
429,RIVAL,TERRY,0,3,EXEGGUTOR,40,STUN SPORE,SLEEP POWDER,PSYBEAM,GIGA DRAIN,Level-up,CHLOROPHYLL,None,100
429,RIVAL,TERRY,0,4,ALAKAZAM,41,FUTURE SIGHT,CALM MIND,PSYCHIC,TRICK,Level-up,SYNCHRONIZE / INNER FOCUS,None,100
429,RIVAL,TERRY,0,5,FERRAPIN,43,RAPID SPIN,BUBBLEBEAM,PROTECT,RAIN DANCE,Level-up,SHELL ARMOR,None,100
430,RIVAL,TERRY,0,1,PIDGAERO,39,WING ATTACK,FEATHERDANCE,DRILL PECK,AGILITY,Level-up,KEEN EYE,None,100
430,RIVAL,TERRY,0,2,HYDRADOS,40,DRAGON RAGE,LEER,TWISTER,HYDRO PUMP,Level-up,INTIMIDATE / AIR LOCK,None,100
430,RIVAL,TERRY,0,3,ARCANINE,40,TAKE DOWN,HELPING HAND,AGILITY,BLAZE KICK,Level-up,INTIMIDATE / FLASH FIRE,None,100
430,RIVAL,TERRY,0,4,ALAKAZAM,41,FUTURE SIGHT,CALM MIND,PSYCHIC,TRICK,Level-up,SYNCHRONIZE / INNER FOCUS,None,100
430,RIVAL,TERRY,0,5,ECOSAUR,43,RAZOR LEAF,SWEET SCENT,SLUDGE BOMB,GROWTH,Level-up,CHLOROPHYLL,None,100
431,RIVAL,TERRY,0,1,PIDGAERO,39,WING ATTACK,FEATHERDANCE,DRILL PECK,AGILITY,Level-up,KEEN EYE,None,100
431,RIVAL,TERRY,0,2,EXEGGUTOR,40,STUN SPORE,SLEEP POWDER,PSYBEAM,GIGA DRAIN,Level-up,CHLOROPHYLL,None,100
431,RIVAL,TERRY,0,3,HYDRADOS,40,DRAGON RAGE,LEER,TWISTER,HYDRO PUMP,Level-up,INTIMIDATE / AIR LOCK,None,100
431,RIVAL,TERRY,0,4,ALAKAZAM,41,FUTURE SIGHT,CALM MIND,PSYCHIC,TRICK,Level-up,SYNCHRONIZE / INNER FOCUS,None,100
431,RIVAL,TERRY,0,5,CHARIGUANA,43,FIRE SPIN,SCARY FACE,FLAMETHROWER,WING ATTACK,Level-up,BLAZE,None,100
432,RIVAL,TERRY,0,1,ARTICUNO,51,MIST,AGILITY,MIND READER,ICE BEAM,Level-up,PRESSURE,None,100
432,RIVAL,TERRY,0,2,SINGESHA,53,BLAZE KICK,EXTREMESPEED,SLASH,IRON TAIL,Level-up,INTIMIDATE / FLASH FIRE,None,100
432,RIVAL,TERRY,0,3,EXEGGITY,53,SOLARBEAM,SUNNY DAY,PSYCHIC,EARTH POWER,Level-up,CHLOROPHYLL,None,100
432,RIVAL,TERRY,0,4,VOHOO-DU,54,TRICK,FORESIGHT,SHADOW BALL,ENERGY BALL,Level-up,EFFECT SPORE / INNER FOCUS,None,100
432,RIVAL,TERRY,0,5,FORTOISE,56,PROTECT,RAIN DANCE,FLASH CANNON,SKULL BASH,Level-up,SHELL ARMOR,None,150
433,RIVAL,TERRY,0,1,MOLTRES,51,FIRE SPIN,AGILITY,ENDURE,FLAMETHROWER,Level-up,PRESSURE,None,100
433,RIVAL,TERRY,0,2,DRACOSMIC,53,HYDRO PUMP,AIR SLASH,RAIN DANCE,DRAGON DANCE,Level-up,INTIMIDATE / AIR LOCK,None,100
433,RIVAL,TERRY,0,3,SINGESHA,53,BLAZE KICK,EXTREMESPEED,SLASH,IRON TAIL,Level-up,INTIMIDATE / FLASH FIRE,None,100
433,RIVAL,TERRY,0,4,VOHOO-DU,54,TRICK,FORESIGHT,SHADOW BALL,ENERGY BALL,Level-up,EFFECT SPORE / INNER FOCUS,None,100
433,RIVAL,TERRY,0,5,TERARISAUR,56,SLUDGE BOMB,GROWTH,GIGA DRAIN,SYNTHESIS,Level-up,CHLOROPHYLL,None,150
434,RIVAL,TERRY,0,1,ZAPDOS,51,AGILITY,DETECT,DRILL PECK,THUNDER,Level-up,PRESSURE,None,100
434,RIVAL,TERRY,0,2,DRACOSMIC,53,HYDRO PUMP,AIR SLASH,RAIN DANCE,DRAGON DANCE,Level-up,INTIMIDATE / AIR LOCK,None,100
434,RIVAL,TERRY,0,3,EXEGGITY,53,SOLARBEAM,SUNNY DAY,PSYCHIC,EARTH POWER,Level-up,CHLOROPHYLL,None,100
434,RIVAL,TERRY,0,4,VOHOO-DU,54,TRICK,FORESIGHT,SHADOW BALL,ENERGY BALL,Level-up,EFFECT SPORE / INNER FOCUS,None,100
434,RIVAL,TERRY,0,5,CHARIANA,56,FLAMETHROWER,WING ATTACK,SLASH,DRAGONBREATH,Level-up,MARVEL SCALE,None,150
435,RIVAL,TERRY,1,1,SNOWONE,66,ICE BEAM,REFLECT,BLIZZARD,AURORA VEIL,Level-up,PRESSURE,Item#58,150
435,RIVAL,TERRY,1,2,RHYLIC,67,EARTHQUAKE,CURSE,MEGAHORN,IRON HEAD,Level-up,CURSED BODY / SHADOW TAG,Item#89,150
435,RIVAL,TERRY,1,3,GUARDIANCE,67,RAIN DANCE,BODY SLAM,WATERFALL,BELLY DRUM,Level-up,SERENE GRACE / FLASH FIRE,TM49,150
436,RIVAL,TERRY,1,1,IGNITHREE,66,FLAMETHROWER,OVERHEAT,AIR CUTTER,SAFEGUARD,Level-up,PRESSURE,TM26,150
436,RIVAL,TERRY,1,2,RHYLIC,67,EARTHQUAKE,CURSE,MEGAHORN,IRON HEAD,Level-up,CURSED BODY / SHADOW TAG,Item#89,150
436,RIVAL,TERRY,1,3,QUAZAR,67,SHEER COLD,HYDRO PUMP,UPROAR,MOONLIGHT,Level-up,INTIMIDATE / AIR LOCK,Item#56,150
437,RIVAL,TERRY,1,1,SHOCKATOO,66,DRILL PECK,THUNDER,THUNDERBOLT,SHOCK WAVE,Level-up,PRESSURE,IRON,150
437,RIVAL,TERRY,1,2,RHYLIC,67,EARTHQUAKE,CURSE,MEGAHORN,IRON HEAD,Level-up,CURSED BODY / SHADOW TAG,Item#89,150
437,RIVAL,TERRY,1,3,EXEGGTRIC,67,FALSE SWIPE,THRASH,BONE RUSH,DOUBLE-EDGE,Level-up,CHLOROPHYLL,LIGHT BALL,150
437,RIVAL,TERRY,1,4,CLEFABLE,79,HYPER VOICE,WISH,EXTRASENSORY,FUTURE SIGHT,Level-up,CUTE CHARM,None,94
438,CHAMPION,TERRY,3,1,FROSTUNUS,80,ICE BEAM,AERIAL ACE,STEEL WING,WATER PULSE,Custom,WATER ABSORB,None,255
438,CHAMPION,TERRY,3,2,T'ZARKARTZ,81,PSYCHIC,MUDDY WATER,CALM MIND,DARK PULSE,Custom,INTIMIDATE / INNER FOCUS,None,255
438,CHAMPION,TERRY,3,3,MEWFOUR,81,EXTRASENSORY,SHADOW BALL,DARK PULSE,RECOVER,Custom,SHADOW TAG,None,255
438,CHAMPION,TERRY,3,4,DRAGONTALE,82,DRAGON PULSE,FIRE BLAST,ICE BEAM,SKY ATTACK,Custom,INNER FOCUS,None,255
438,CHAMPION,TERRY,3,5,RHYBORN,82,DRAGON CLAW,IRON HEAD,EARTHQUAKE,ROCK SLIDE,Custom,LIGHTNINGROD / ROCK HEAD,None,255
438,CHAMPION,TERRY,3,6,TURTILLERY,85,HYDRO PUMP,RAIN DANCE,FLASH CANNON,ICE BEAM,Custom,SHELL ARMOR,SITRUS BERRY,255
439,CHAMPION,TERRY,3,1,INFERNTRI,80,HEAT WAVE,AERIAL ACE,STEEL WING,DOUBLE TEAM,Custom,FLASH FIRE,None,255
439,CHAMPION,TERRY,3,2,T'ZARKARTZ,81,PSYCHIC,MUDDY WATER,CALM MIND,DARK PULSE,Custom,INTIMIDATE / INNER FOCUS,None,255
439,CHAMPION,TERRY,3,3,MEWFOUR,81,EXTRASENSORY,SHADOW BALL,DARK PULSE,RECOVER,Custom,SHADOW TAG,None,255
439,CHAMPION,TERRY,3,4,DRAGONTALE,82,DRAGON PULSE,FIRE BLAST,ICE BEAM,SKY ATTACK,Custom,INNER FOCUS,None,255
439,CHAMPION,TERRY,3,5,RHYBORN,82,DRAGON CLAW,IRON HEAD,EARTHQUAKE,ROCK SLIDE,Custom,LIGHTNINGROD / ROCK HEAD,None,255
439,CHAMPION,TERRY,3,6,SYMBISAUR,85,GIGA DRAIN,SLUDGE BOMB,GROWTH,TOXIC,Custom,CHLOROPHYLL,SITRUS BERRY,255
440,CHAMPION,TERRY,3,1,VOLTDUO,80,THUNDERBOLT,AERIAL ACE,STEEL WING,LIGHT SCREEN,Custom,VOLT ABSORB,None,255
440,CHAMPION,TERRY,3,2,T'ZARKARTZ,81,PSYCHIC,MUDDY WATER,CALM MIND,DARK PULSE,Custom,INTIMIDATE / INNER FOCUS,None,255
440,CHAMPION,TERRY,3,3,MEWFOUR,81,EXTRASENSORY,SHADOW BALL,DARK PULSE,RECOVER,Custom,SHADOW TAG,None,255
440,CHAMPION,TERRY,3,4,DRAGONTALE,82,DRAGON PULSE,FIRE BLAST,ICE BEAM,SKY ATTACK,Custom,INNER FOCUS,None,255
440,CHAMPION,TERRY,3,5,RHYBORN,82,DRAGON CLAW,IRON HEAD,EARTHQUAKE,ROCK SLIDE,Custom,LIGHTNINGROD / ROCK HEAD,None,255
440,CHAMPION,TERRY,3,6,CHARIATHAN,85,HYDRO PUMP,HEAT WAVE,DRAGONBREATH,AERIAL ACE,Custom,MARVEL SCALE,SITRUS BERRY,255
466,ROCKET,ALMA,0,1,SEAREX,40,HORN ATTACK,FLAIL,FURY ATTACK,SLACK OFF,Level-up,SWIFT SWIM / WATER VEIL,None,0
466,ROCKET,ALMA,0,2,POLIWRATH,41,RAIN DANCE,BODY SLAM,WATERFALL,SUBMISSION,Level-up,WATER ABSORB / DAMP,None,0
467,ROCKET,SUSIE,0,1,PIDGEOT,38,WING ATTACK,FEATHERDANCE,DRILL PECK,AGILITY,Level-up,KEEN EYE,None,0
467,ROCKET,SUSIE,0,2,PERSIAN,38,FAINT ATTACK,FURY SWIPES,SLASH,CRUNCH,Level-up,LIMBER,None,0
467,ROCKET,SUSIE,0,3,RATTCHET,38,SCARY FACE,UPROAR,PURSUIT,SUPER FANG,Level-up,RUN AWAY / GUTS,None,0
467,ROCKET,SUSIE,0,4,RAICHU,39,SLAM,SPARK,AGILITY,THUNDER,Level-up,STATIC,None,0
467,ROCKET,SUSIE,0,5,VAPOREON,39,WATER GUN,QUICK ATTACK,BITE,AURORA BEAM,Level-up,WATER ABSORB,None,0
468,ROCKET,VALERIE,0,1,POLITOES,40,RAIN DANCE,BODY SLAM,WATERFALL,SUBMISSION,Level-up,WATER ABSORB / DAMP,None,0
468,ROCKET,VALERIE,0,2,SMOLDEON,40,EMBER,QUICK ATTACK,BITE,FIRE SPIN,Level-up,FLASH FIRE,None,0
468,ROCKET,VALERIE,0,3,GOGETTEY,41,MINIMIZE,SING,EGG BOMB,DEFENSE CURL,Level-up,NATURAL CURE / SERENE GRACE,None,0
469,ROCKET,GWEN,0,1,PIDGAERO,39,WING ATTACK,FEATHERDANCE,DRILL PECK,AGILITY,Level-up,KEEN EYE,None,0
469,ROCKET,GWEN,0,2,PERSIAN,39,FAINT ATTACK,FURY SWIPES,SLASH,CRUNCH,Level-up,LIMBER,None,0
469,ROCKET,GWEN,0,3,DODRIO,40,TRIPLE KICK,UPROAR,DRILL PECK,AGILITY,Level-up,RUN AWAY / EARLY BIRD,None,0
469,ROCKET,GWEN,0,4,SNEEROW,41,MIRROR MOVE,TAUNT,DRILL PECK,AGILITY,Level-up,INSOMNIA,None,0
471,RIVAL,FLINT,0,1,CHARMANDER,17,GROWL,EMBER,METAL CLAW,SMOKESCREEN,Level-up,BLAZE,None,0
471,RIVAL,FLINT,0,2,DODUO,17,GROWL,PECK,PURSUIT,FURY ATTACK,Level-up,RUN AWAY / EARLY BIRD,None,0
472,ROCKET,MISSY,0,1,SEAREX,50,SLACK OFF,WATERFALL,HORN DRILL,TAUNT,Level-up,SWIFT SWIM / WATER VEIL,None,0
472,ROCKET,MISSY,0,2,CAPRISEA,50,PSYBEAM,LIGHT SCREEN,COSMIC POWER,HYDRO PUMP,Level-up,SWIFT SWIM / WATER VEIL,None,0
473,ROCKET,IRENE,0,1,TENTACATE,50,BUBBLEBEAM,WRAP,BARRIER,SLUDGE BOMB,Level-up,CLEAR BODY / LIQUID OOZE,None,0
473,ROCKET,IRENE,0,2,LORDRA,50,DRAGONBREATH,DRAGON DANCE,WATERFALL,DRAGON CLAW,Level-up,SWIFT SWIM,None,0
473,ROCKET,IRENE,0,3,PRECIPED,51,HAIL,MAGIC COAT,AURORA VEIL,ICE BEAM,Level-up,THICK FAT,None,0
474,ROCKET,DANA,0,1,PERSIAN,29,BITE,PAY DAY,FAINT ATTACK,FURY SWIPES,Level-up,LIMBER,None,0
474,ROCKET,DANA,0,2,VILEPLUME,29,SLEEP POWDER,SWIFT,ACID,TOXIC,Level-up,CHLOROPHYLL,None,0
474,ROCKET,DANA,0,3,PIDGEOT,29,GUST,QUICK ATTACK,WHIRLWIND,WING ATTACK,Level-up,KEEN EYE,None,0
475,ROCKET,ARIANA,0,1,PIDGEOT,27,GUST,QUICK ATTACK,WHIRLWIND,WING ATTACK,Level-up,KEEN EYE,None,0
475,ROCKET,ARIANA,0,2,RATICATE,27,QUICK ATTACK,SNATCH,HYPER FANG,SCARY FACE,Level-up,RUN AWAY / GUTS,None,0
475,ROCKET,ARIANA,0,3,FORFOWL'D,27,FURY ATTACK,KNOCK OFF,AERIAL ACE,FURY CUTTER,Level-up,KEEN EYE / INNER FOCUS,None,0
475,ROCKET,ARIANA,0,4,VICTREEBEL,27,STUN SPORE,SLEEP POWDER,RAZOR LEAF,SWEET SCENT,Level-up,CHLOROPHYLL,None,0
476,ROCKET,LEAH,0,1,VICTREEBEL,31,SLEEP POWDER,RAZOR LEAF,SWEET SCENT,SLUDGE BOMB,Level-up,CHLOROPHYLL,None,0
476,ROCKET,LEAH,0,2,CLEFABLE,31,SWIFT,MINIMIZE,DEFENSE CURL,METRONOME,Level-up,CUTE CHARM,None,0
477,RIVAL,JUSTIN,0,1,NIDOKING,40,HORN ATTACK,SAND TOMB,SWAGGER,HORN DRILL,Level-up,POISON POINT,None,0
477,RIVAL,JUSTIN,0,2,KANGALLOUS,40,MEGA PUNCH,RAGE,ENDURE,BONE CLUB,Level-up,INTIMIDATE,None,0
478,ROCKET,YAZMIN,0,1,MUCKTRIBEL,43,SWEET SCENT,SLUDGE BOMB,SLAM,TOXIC,Level-up,CHLOROPHYLL,None,0
478,ROCKET,YAZMIN,0,2,RAFFLURK,43,TOXIC,PETAL DANCE,MOONLIGHT,ENERGY BALL,Level-up,LIQUID OOZE,None,0
478,ROCKET,YAZMIN,0,3,TANGATHER,43,BIND,MEGA DRAIN,STUN SPORE,SLAM,Level-up,CHLOROPHYLL,None,0
479,ROCKET,KINDRA,0,1,VILEPLUME,41,ACID,TOXIC,PETAL DANCE,MOONLIGHT,Level-up,CHLOROPHYLL,None,0
479,ROCKET,KINDRA,0,2,TANGROWTH,41,BIND,MEGA DRAIN,STUN SPORE,SLAM,Level-up,CHLOROPHYLL,None,0
479,ROCKET,KINDRA,0,3,SECTASITE,42,GROWTH,POISON JAB,X-SCISSOR,AROMATHERAPY,Level-up,EFFECT SPORE,None,0
480,ROCKET,BECKY,0,1,PLASMEON,40,THUNDERSHOCK,QUICK ATTACK,DOUBLE KICK,PIN MISSILE,Level-up,VOLT ABSORB,None,0
480,ROCKET,BECKY,0,2,GOROCHU,40,SPARK,AGILITY,THUNDER,DARK PULSE,Level-up,STATIC,None,0
481,ROCKET,CELIA,0,1,CLEFAEFAE,45,MOONLIGHT,FLASH CANNON,LIGHT SCREEN,PSYCHIC,Level-up,CUTE CHARM,None,0
511,PROF.,PROF. OAK,0,1,EKANS,5,WRAP,POISON STING,LEER,BITE,Level-up,INTIMIDATE / SHED SKIN,None,0
512,RIVAL,BRENDAN,0,1,EKANS,5,WRAP,POISON STING,LEER,BITE,Level-up,INTIMIDATE / SHED SKIN,None,0
513,RIVAL,MAY,0,1,EKANS,5,WRAP,POISON STING,LEER,BITE,Level-up,INTIMIDATE / SHED SKIN,None,0
514,RIVAL,RED,0,1,EKANS,5,WRAP,POISON STING,LEER,BITE,Level-up,INTIMIDATE / SHED SKIN,None,0
515,RIVAL,LEAF,0,1,EKANS,5,WRAP,POISON STING,LEER,BITE,Level-up,INTIMIDATE / SHED SKIN,None,0
516,ROCKET,GRUNT,0,1,HOUNDOUR,49,ROAR,BITE,ODOR SLEUTH,FAINT ATTACK,Level-up,EARLY BIRD / FLASH FIRE,None,0
516,ROCKET,GRUNT,0,2,HOUNDOUR,49,ROAR,BITE,ODOR SLEUTH,FAINT ATTACK,Level-up,EARLY BIRD / FLASH FIRE,None,0
534,STER,JOHNSON,0,1,ADNOKANA,53,AGILITY,THUNDER,LIGHT SCREEN,THUNDERBOLT,Level-up,INTIMIDATE / SHED SKIN,None,0
534,STER,JOHNSON,0,2,PLATNIX,53,SLAM,IRON TAIL,EARTHQUAKE,CRUNCH,Level-up,ROCK HEAD / STURDY,None,0
534,STER,JOHNSON,0,3,RATTARULE,54,AERIAL ACE,MIRROR MOVE,DRILL PECK,AGILITY,Level-up,POISON POINT / GUTS,None,0
537,ROCKET,GRUNT,0,1,CUBONE,37,FOCUS ENERGY,BONEMERANG,RAGE,FALSE SWIPE,Level-up,ROCK HEAD / LIGHTNINGROD,None,0
537,ROCKET,GRUNT,0,2,MAROWAK,37,FOCUS ENERGY,BONEMERANG,RAGE,FALSE SWIPE,Level-up,ROCK HEAD / LIGHTNINGROD,None,0
538,ROCKET,GRUNT,0,1,RATTATA,35,HYPER FANG,SCARY FACE,PURSUIT,SUPER FANG,Level-up,RUN AWAY / GUTS,None,0
538,ROCKET,GRUNT,0,2,RATICATE,35,HYPER FANG,SCARY FACE,PURSUIT,SUPER FANG,Level-up,RUN AWAY / GUTS,None,0
538,ROCKET,GRUNT,0,3,SANDSHREW,35,POISON STING,SLASH,MAGNITUDE,FURY SWIPES,Level-up,SAND VEIL,None,0
538,ROCKET,GRUNT,0,4,SANDSLASH,35,SLASH,MAGNITUDE,ROLLOUT,FURY SWIPES,Level-up,SAND VEIL,None,0
539,ROCKET,GRUNT,0,1,ZUBAT,38,WING ATTACK,CONFUSE RAY,POISON JAB,MEAN LOOK,Level-up,INNER FOCUS,None,0
539,ROCKET,GRUNT,0,2,ZUBAT,38,WING ATTACK,CONFUSE RAY,POISON JAB,MEAN LOOK,Level-up,INNER FOCUS,None,0
539,ROCKET,GRUNT,0,3,GOLBAT,38,WING ATTACK,CONFUSE RAY,POISON JAB,MEAN LOOK,Level-up,INNER FOCUS,None,0
540,ROCKET,GRUNT,0,1,MUK,48,STOCKPILE,SLUDGE BOMB,PAIN SPLIT,DARK PULSE,Level-up,STENCH / STICKY HOLD,None,0
540,ROCKET,GRUNT,0,2,GOLBAT,48,MEAN LOOK,CRUNCH,AERIAL ACE,HAZE,Level-up,INNER FOCUS,None,0
540,ROCKET,GRUNT,0,3,RATICATE,48,SCARY FACE,PURSUIT,SUPER FANG,POISON FANG,Level-up,RUN AWAY / GUTS,None,0
541,ROCKET,GRUNT,0,1,MACHOP,48,VITAL THROW,SUBMISSION,CROSS CHOP,BULK UP,Level-up,GUTS,None,0
541,ROCKET,GRUNT,0,2,MACHOP,48,VITAL THROW,SUBMISSION,CROSS CHOP,BULK UP,Level-up,GUTS,None,0
541,ROCKET,GRUNT,0,3,MACHOKE,48,VITAL THROW,SUBMISSION,CROSS CHOP,BULK UP,Level-up,GUTS,None,0
542,ROCKET,GRUNT,0,1,HYPNO,49,PSYCHIC,FOUL PLAY,PSYCH UP,SHADOW BALL,Level-up,INSOMNIA,None,0
542,ROCKET,GRUNT,0,2,HYPNO,49,PSYCHIC,FOUL PLAY,PSYCH UP,SHADOW BALL,Level-up,INSOMNIA,None,0
543,ROCKET,ADMIN,1,1,MUK,52,SLUDGE BOMB,PAIN SPLIT,DARK PULSE,MEMENTO,Level-up,STENCH / STICKY HOLD,SILVERPOWDER,150
543,ROCKET,ADMIN,1,2,ARBOK,53,SPIT UP,SWALLOW,HAZE,POISON JAB,Level-up,INTIMIDATE / SHED SKIN,SILVERPOWDER,150
544,ROCKET,ADMIN,1,1,GOLBAT,53,MEAN LOOK,CRUNCH,AERIAL ACE,HAZE,Level-up,INNER FOCUS,STAR PIECE,200
544,ROCKET,ADMIN,1,2,WEEZING,54,EXPLOSION,SLUDGE BOMB,TRI ATTACK,DESTINY BOND,Level-up,LEVITATE,SILVERPOWDER,200
555,RIVAL,BRYCE,0,1,NIDORINO,36,BITE,POISON TAIL,HORN ATTACK,SAND TOMB,Level-up,POISON POINT,None,0
555,RIVAL,BRYCE,0,2,RATICATE,36,HYPER FANG,SCARY FACE,PURSUIT,SUPER FANG,Level-up,RUN AWAY / GUTS,None,0
555,RIVAL,BRYCE,0,3,SANDSLASH,36,SLASH,MAGNITUDE,ROLLOUT,FURY SWIPES,Level-up,SAND VEIL,None,0
556,ROCKET,CLAIRE,0,1,MEOWTH,35,PAY DAY,FAINT ATTACK,FURY SWIPES,SLASH,Level-up,PICKUP,None,0
556,ROCKET,CLAIRE,0,2,MEOWTH,35,PAY DAY,FAINT ATTACK,FURY SWIPES,SLASH,Level-up,PICKUP,None,0
556,ROCKET,CLAIRE,0,3,PIKACHU,35,DOUBLE TEAM,SLAM,SPARK,AGILITY,Level-up,STATIC,None,0
556,ROCKET,CLAIRE,0,4,CLEFAIRY,35,MINIMIZE,DEFENSE CURL,METRONOME,COSMIC POWER,Level-up,CUTE CHARM,None,0
559,CLASS#100,ALEXIS,0,1,STARYU,34,BUBBLEBEAM,MINIMIZE,PSYBEAM,LIGHT SCREEN,Level-up,ILLUMINATE / NATURAL CURE,None,0
559,CLASS#100,ALEXIS,0,2,STARYU,34,BUBBLEBEAM,MINIMIZE,PSYBEAM,LIGHT SCREEN,Level-up,ILLUMINATE / NATURAL CURE,None,0
559,CLASS#100,ALEXIS,0,3,KRABBY,34,BUBBLEBEAM,MUD SHOT,STOMP,GUILLOTINE,Level-up,HYPER CUTTER / SHELL ARMOR,None,0
559,CLASS#100,ALEXIS,0,4,KRABBY,34,BUBBLEBEAM,MUD SHOT,STOMP,GUILLOTINE,Level-up,HYPER CUTTER / SHELL ARMOR,None,0
567,ROCKET,GRUNT,0,1,RATTATA,48,SCARY FACE,PURSUIT,SUPER FANG,ENDEAVOR,Level-up,RUN AWAY / GUTS,None,0
567,ROCKET,GRUNT,0,2,GRIMER,48,ACID ARMOR,STOCKPILE,SLUDGE BOMB,PAIN SPLIT,Level-up,STENCH / STICKY HOLD,None,0
567,ROCKET,GRUNT,0,3,MUK,48,STOCKPILE,SLUDGE BOMB,PAIN SPLIT,DARK PULSE,Level-up,STENCH / STICKY HOLD,None,0
568,ROCKET,GRUNT,1,1,KOFFING,49,SLUDGE,SMOKESCREEN,HAZE,EXPLOSION,Level-up,LEVITATE,OLD ROD,0
569,ROCKET,GRUNT,0,1,EKANS,48,STOCKPILE,SPIT UP,SWALLOW,HAZE,Level-up,INTIMIDATE / SHED SKIN,None,50
569,ROCKET,GRUNT,0,2,GLOOM,48,PETAL DANCE,MOONLIGHT,ENERGY BALL,SLUDGE BOMB,Level-up,CHLOROPHYLL,None,50
569,ROCKET,GRUNT,0,3,GLOOM,48,PETAL DANCE,MOONLIGHT,ENERGY BALL,SLUDGE BOMB,Level-up,CHLOROPHYLL,None,50
597,NGER,BETH,0,1,BELLSPROUT,38,RAZOR LEAF,SWEET SCENT,SLUDGE BOMB,SLAM,Level-up,CHLOROPHYLL,None,100
597,NGER,BETH,0,2,GLOOM,38,ACID,TOXIC,PETAL DANCE,MOONLIGHT,Level-up,CHLOROPHYLL,None,100
597,NGER,BETH,0,3,GLOOM,38,ACID,TOXIC,PETAL DANCE,MOONLIGHT,Level-up,CHLOROPHYLL,None,100
609,EEDER,BETHANY,0,1,CHANSEY,50,SING,EGG BOMB,DEFENSE CURL,LIGHT SCREEN,Level-up,NATURAL CURE / SERENE GRACE,None,30
618,RIVAL,RILEY,0,1,PINSIR,49,KNOCK OFF,METAL CLAW,SUBMISSION,SWORDS DANCE,Level-up,HYPER CUTTER,None,0
618,RIVAL,RILEY,0,2,HERACROSS,50,FURY SWIPES,AGILITY,ICY WIND,SLASH,Level-up,SWARM / GUTS,None,0
619,ROCKET,MARCY,0,1,PARAS,48,POISON JAB,X-SCISSOR,AROMATHERAPY,SPORE,Level-up,EFFECT SPORE,None,0
619,ROCKET,MARCY,0,2,PARAS,48,POISON JAB,X-SCISSOR,AROMATHERAPY,SPORE,Level-up,EFFECT SPORE,None,0
619,ROCKET,MARCY,0,3,PARASECT,49,X-SCISSOR,AROMATHERAPY,SPORE,ROCK SLIDE,Level-up,EFFECT SPORE,None,0
621,ROCKET,KELSEY,0,1,NIDORAN+,21,POISON STING,DOUBLE KICK,TAIL WHIP,GROWL,Level-up,POISON POINT,None,20
621,ROCKET,KELSEY,0,2,NIDORAN,21,POISON STING,DOUBLE KICK,TAIL WHIP,GROWL,Level-up,POISON POINT,None,20
622,ROCKET,KELSEY,0,1,NIDORINO,29,DOUBLE KICK,POISON STING,BITE,POISON TAIL,Level-up,POISON POINT,None,60
622,ROCKET,KELSEY,0,2,NIDORINA,29,DOUBLE KICK,POISON STING,BITE,POISON TAIL,Level-up,POISON POINT,None,60
623,ROCKET,KELSEY,0,1,NIDORINO,49,SWAGGER,HORN DRILL,POISON JAB,EARTHQUAKE,Level-up,POISON POINT,None,80
623,ROCKET,KELSEY,0,2,NIDORINA,49,FLATTER,CRUNCH,POISON JAB,EARTHQUAKE,Level-up,POISON POINT,None,80
624,RIVAL,RICKY,0,1,SQUIRTLE,22,WITHDRAW,WATER GUN,BITE,RAPID SPIN,Level-up,TORRENT,None,20
625,RIVAL,RICKY,0,1,WARTORTLE,30,WATER GUN,BITE,RAPID SPIN,BUBBLEBEAM,Level-up,TORRENT,None,60
626,RIVAL,RICKY,0,1,WARTORTLE,55,BUBBLEBEAM,PROTECT,RAIN DANCE,SKULL BASH,Level-up,TORRENT,None,120
627,RIVAL,JEFF,0,1,SPEAROW,21,GROWL,PECK,LEER,FURY ATTACK,Level-up,KEEN EYE,None,20
627,RIVAL,JEFF,0,2,RATICATE,21,QUICK ATTACK,SNATCH,HYPER FANG,SCARY FACE,Level-up,RUN AWAY / GUTS,None,20
628,RIVAL,JEFF,0,1,FEAROW,29,LEER,FURY ATTACK,PURSUIT,MIRROR MOVE,Level-up,KEEN EYE,None,60
628,RIVAL,JEFF,0,2,RATICATE,29,QUICK ATTACK,SNATCH,HYPER FANG,SCARY FACE,Level-up,RUN AWAY / GUTS,None,60
629,RIVAL,JEFF,0,1,FEAROW,54,DRILL PECK,AGILITY,NIGHT SLASH,CALM MIND,Level-up,KEEN EYE,None,120
629,RIVAL,JEFF,0,2,RATICATE,54,PURSUIT,SUPER FANG,POISON FANG,ENDEAVOR,Level-up,RUN AWAY / GUTS,None,120
630,ROCKET,ISABELLE,0,1,PIDGEOTTO,21,SAND-ATTACK,GUST,QUICK ATTACK,WHIRLWIND,Level-up,KEEN EYE,None,20
630,ROCKET,ISABELLE,0,2,PIDGEOTTO,21,SAND-ATTACK,GUST,QUICK ATTACK,WHIRLWIND,Level-up,KEEN EYE,None,20
630,ROCKET,ISABELLE,0,3,PIDGEY,18,TACKLE,SAND-ATTACK,GUST,QUICK ATTACK,Level-up,KEEN EYE,None,20
631,ROCKET,ISABELLE,0,1,PIDGEOTTO,29,GUST,QUICK ATTACK,WHIRLWIND,WING ATTACK,Level-up,KEEN EYE,None,60
631,ROCKET,ISABELLE,0,2,PIDGEOTTO,29,GUST,QUICK ATTACK,WHIRLWIND,WING ATTACK,Level-up,KEEN EYE,None,60
631,ROCKET,ISABELLE,0,3,PIDGEOTTO,26,SAND-ATTACK,GUST,QUICK ATTACK,WHIRLWIND,Level-up,KEEN EYE,None,60
632,ROCKET,ISABELLE,0,1,PIDGEOTTO,47,FEATHERDANCE,DRILL PECK,AGILITY,MIRROR MOVE,Level-up,KEEN EYE,None,80
632,ROCKET,ISABELLE,0,2,PIDGEOTTO,47,FEATHERDANCE,DRILL PECK,AGILITY,MIRROR MOVE,Level-up,KEEN EYE,None,80
632,ROCKET,ISABELLE,0,3,PIDGEOT,50,DRILL PECK,AGILITY,MIRROR MOVE,STEEL WING,Level-up,KEEN EYE,None,80
637,RIVAL,CHRIS,0,1,GROWLITHE,24,ROAR,EMBER,LEER,ODOR SLEUTH,Level-up,INTIMIDATE / FLASH FIRE,None,40
637,RIVAL,CHRIS,0,2,CHARMANDER,24,EMBER,METAL CLAW,SMOKESCREEN,FIRE SPIN,Level-up,BLAZE,None,40
638,RIVAL,CHRIS,0,1,GROWLITHE,29,EMBER,LEER,ODOR SLEUTH,FLAME WHEEL,Level-up,INTIMIDATE / FLASH FIRE,None,60
638,RIVAL,CHRIS,0,2,CHARMELEON,29,EMBER,METAL CLAW,SMOKESCREEN,SCARY FACE,Level-up,BLAZE,None,60
639,RIVAL,CHRIS,0,1,ARCANINE,54,BLAZE KICK,EXTREMESPEED,SLASH,IRON TAIL,Level-up,INTIMIDATE / FLASH FIRE,None,120
639,RIVAL,CHRIS,0,2,CHARMELEON,54,FLAMETHROWER,WING ATTACK,SLASH,DRAGONBREATH,Level-up,BLAZE,None,120
640,ROCKET,ALICIA,0,1,MEOWTH,25,BITE,PAY DAY,FAINT ATTACK,FURY SWIPES,Level-up,PICKUP,None,40
641,ROCKET,ALICIA,0,1,PERSIAN,30,BITE,PAY DAY,FAINT ATTACK,FURY SWIPES,Level-up,LIMBER,None,60
642,ROCKET,ALICIA,0,1,PERSIAN,55,FAKE OUT,COUNTER,SWAGGER,PSYCHIC,Level-up,LIMBER,None,120
654,RIVAL,LUCA,0,1,ELECTRODE,33,SONICBOOM,SHOCK WAVE,SELFDESTRUCT,ROLLOUT,Level-up,SOUNDPROOF / STATIC,None,60
654,RIVAL,LUCA,0,2,ELECTRODE,33,SONICBOOM,SHOCK WAVE,SELFDESTRUCT,ROLLOUT,Level-up,SOUNDPROOF / STATIC,None,60
658,ROCKET,SUSIE,0,1,PIDGEOTTO,27,GUST,QUICK ATTACK,WHIRLWIND,WING ATTACK,Level-up,KEEN EYE,None,60
658,ROCKET,SUSIE,0,2,MEOWTH,27,BITE,PAY DAY,FAINT ATTACK,FURY SWIPES,Level-up,PICKUP,None,60
658,ROCKET,SUSIE,0,3,RATICATE,27,QUICK ATTACK,SNATCH,HYPER FANG,SCARY FACE,Level-up,RUN AWAY / GUTS,None,60
658,ROCKET,SUSIE,0,4,PIKACHU,27,QUICK ATTACK,DOUBLE TEAM,SLAM,SPARK,Level-up,STATIC,None,60
658,ROCKET,SUSIE,0,5,MEOWTH,27,BITE,PAY DAY,FAINT ATTACK,FURY SWIPES,Level-up,PICKUP,None,60
659,ROCKET,SUSIE,0,1,PIDGEOTTO,47,FEATHERDANCE,DRILL PECK,AGILITY,MIRROR MOVE,Level-up,KEEN EYE,None,80
659,ROCKET,SUSIE,0,2,PERSIAN,47,CRUNCH,FAKE OUT,COUNTER,SWAGGER,Level-up,LIMBER,None,80
659,ROCKET,SUSIE,0,3,RATICATE,47,SCARY FACE,PURSUIT,SUPER FANG,POISON FANG,Level-up,RUN AWAY / GUTS,None,80
659,ROCKET,SUSIE,0,4,PIKACHU,47,AGILITY,THUNDER,LIGHT SCREEN,THUNDERBOLT,Level-up,STATIC,None,80
659,ROCKET,SUSIE,0,5,PERSIAN,47,CRUNCH,FAKE OUT,COUNTER,SWAGGER,Level-up,LIMBER,None,80
660,ROCKET,SUSIE,0,1,PIDGEOT,52,AGILITY,MIRROR MOVE,STEEL WING,VOLT TACKLE,Level-up,KEEN EYE,None,120
660,ROCKET,SUSIE,0,2,PERSIAN,52,FAKE OUT,COUNTER,SWAGGER,PSYCHIC,Level-up,LIMBER,None,120
660,ROCKET,SUSIE,0,3,RATICATE,52,PURSUIT,SUPER FANG,POISON FANG,ENDEAVOR,Level-up,RUN AWAY / GUTS,None,120
660,ROCKET,SUSIE,0,4,RAICHU,52,LIGHT SCREEN,KNOCK OFF,FOUL PLAY,THUNDERBOLT,Level-up,STATIC,None,120
660,ROCKET,SUSIE,0,5,PERSIAN,52,FAKE OUT,COUNTER,SWAGGER,PSYCHIC,Level-up,LIMBER,None,120
669,ROCKET,BECKY,0,1,PIKACHU,32,QUICK ATTACK,DOUBLE TEAM,SLAM,SPARK,Level-up,STATIC,None,60
669,ROCKET,BECKY,0,2,RAICHU,32,QUICK ATTACK,DOUBLE TEAM,SLAM,SPARK,Level-up,STATIC,None,60
670,ROCKET,BECKY,0,1,PIKACHU,49,AGILITY,THUNDER,LIGHT SCREEN,THUNDERBOLT,Level-up,STATIC,None,80
670,ROCKET,BECKY,0,2,RAICHU,49,DARK PULSE,TORMENT,LIGHT SCREEN,KNOCK OFF,Level-up,STATIC,None,80
671,ROCKET,BECKY,0,1,RAICHU,54,LIGHT SCREEN,KNOCK OFF,FOUL PLAY,THUNDERBOLT,Level-up,STATIC,None,120
671,ROCKET,BECKY,0,2,RAICHU,54,LIGHT SCREEN,KNOCK OFF,FOUL PLAY,THUNDERBOLT,Level-up,STATIC,None,120
684,ROCKET,MISSY,0,1,SEAKING,49,SLACK OFF,WATERFALL,HORN DRILL,TAUNT,Level-up,SWIFT SWIM / WATER VEIL,None,80
684,ROCKET,MISSY,0,2,SEAKING,49,SLACK OFF,WATERFALL,HORN DRILL,TAUNT,Level-up,SWIFT SWIM / WATER VEIL,None,80
685,ROCKET,MISSY,0,1,SEAKING,54,WATERFALL,HORN DRILL,TAUNT,FLATTER,Level-up,SWIFT SWIM / WATER VEIL,None,120
685,ROCKET,MISSY,0,2,SEAKING,54,WATERFALL,HORN DRILL,TAUNT,FLATTER,Level-up,SWIFT SWIM / WATER VEIL,None,120
732,ER+,MATTHEW,0,1,POLIWHIRL,49,SUBMISSION,BULK UP,ICE PUNCH,MEGA PUNCH,Level-up,WATER ABSORB / DAMP,None,80
732,ER+,MATTHEW,0,2,POLIWRATH,49,SUBMISSION,BULK UP,ICE PUNCH,MEGA PUNCH,Level-up,WATER ABSORB / DAMP,None,80
735,ELITE FOUR,LORELEI,3,1,DEWGONG,64,ICE BEAM,SURF,SIGNAL BEAM,DOUBLE TEAM,Custom,THICK FAT,None,255
735,ELITE FOUR,LORELEI,3,2,CLOYSTER,63,ICE BEAM,SURF,SUPERSONIC,RAIN DANCE,Custom,SHELL ARMOR,None,255
735,ELITE FOUR,LORELEI,3,3,PILOSWINE,63,BLIZZARD,EARTHQUAKE,DOUBLE-EDGE,ROCK SLIDE,Custom,OBLIVIOUS,None,255
735,ELITE FOUR,LORELEI,3,4,JYNX,66,ICE BEAM,PSYCHIC,LOVELY KISS,ATTRACT,Custom,OBLIVIOUS,None,255
735,ELITE FOUR,LORELEI,3,5,LAPRAS,66,ICE BEAM,SURF,PSYCHIC,THUNDER,Custom,WATER ABSORB / SHELL ARMOR,CHERI BERRY,255
736,ELITE FOUR,BRUNO,3,1,STEELIX,65,EARTHQUAKE,IRON TAIL,CRUNCH,ROCK TOMB,Custom,ROCK HEAD / STURDY,None,255
736,ELITE FOUR,BRUNO,3,2,HITMONCHAN,65,SKY UPPERCUT,MACH PUNCH,ROCK SLIDE,COUNTER,Custom,KEEN EYE,None,255
736,ELITE FOUR,BRUNO,3,3,HITMONLEE,65,MEGA KICK,FORESIGHT,EARTHQUAKE,ROCK SLIDE,Custom,LIMBER,None,255
736,ELITE FOUR,BRUNO,3,4,STEELIX,66,EARTHQUAKE,IRON TAIL,CRUNCH,DRAGONBREATH,Custom,ROCK HEAD / STURDY,None,255
736,ELITE FOUR,BRUNO,3,5,MACHAMP,68,CROSS CHOP,EARTHQUAKE,BRICK BREAK,ROCK SLIDE,Custom,GUTS,PERSIM BERRY,255
737,ELITE FOUR,AGATHA,3,1,GENGAR,66,SHADOW BALL,PSYCHIC,CONFUSE RAY,HYPNOSIS,Custom,LEVITATE,None,255
737,ELITE FOUR,AGATHA,3,2,CROBAT,66,SLUDGE BOMB,AIR CUTTER,SHADOW BALL,CONFUSE RAY,Custom,INNER FOCUS,None,255
737,ELITE FOUR,AGATHA,3,3,MISDREAVUS,65,SHADOW BALL,PSYCHIC,THUNDERBOLT,ATTRACT,Custom,LEVITATE,None,255
737,ELITE FOUR,AGATHA,3,4,ARBOK,68,SLUDGE BOMB,EARTHQUAKE,GIGA DRAIN,DOUBLE TEAM,Custom,INTIMIDATE / SHED SKIN,None,255
737,ELITE FOUR,AGATHA,3,5,GENGAR,70,SHADOW BALL,PSYCHIC,THUNDERBOLT,SLUDGE BOMB,Custom,LEVITATE,CHESTO BERRY,255
738,ELITE FOUR,LANCE,3,1,GYARADOS,68,HYPER BEAM,DRAGON DANCE,EARTHQUAKE,THUNDER WAVE,Custom,INTIMIDATE / TORRENT,None,255
738,ELITE FOUR,LANCE,3,2,DRAGONITE,66,HYPER BEAM,EARTHQUAKE,DRAGON CLAW,FLAMETHROWER,Custom,INNER FOCUS,None,255
738,ELITE FOUR,LANCE,3,3,KINGDRA,66,HYPER BEAM,DRAGON DANCE,SURF,ICE BEAM,Custom,SWIFT SWIM,None,255
738,ELITE FOUR,LANCE,3,4,AERODACTYL,70,HYPER BEAM,ANCIENTPOWER,AERIAL ACE,EARTHQUAKE,Custom,ROCK HEAD / PRESSURE,None,255
738,ELITE FOUR,LANCE,3,5,DRAGONITE,72,HYPER BEAM,OUTRAGE,THUNDERBOLT,ICE BEAM,Custom,INNER FOCUS,PERSIM BERRY,255
739,CHAMPION,TERRY,3,1,HERACROSS,72,MEGAHORN,EARTHQUAKE,COUNTER,ROCK TOMB,Custom,SWARM / GUTS,None,255
739,CHAMPION,TERRY,3,2,ALAKAZAM,73,PSYCHIC,SHADOW BALL,CALM MIND,REFLECT,Custom,SYNCHRONIZE / INNER FOCUS,None,255
739,CHAMPION,TERRY,3,3,TYRANITAR,72,CRUNCH,EARTHQUAKE,THUNDERBOLT,AERIAL ACE,Custom,SAND STREAM,None,255
739,CHAMPION,TERRY,3,4,ARCANINE,73,EXTREMESPEED,OVERHEAT,AERIAL ACE,IRON TAIL,Custom,INTIMIDATE / FLASH FIRE,None,255
739,CHAMPION,TERRY,3,5,EXEGGUTOR,73,GIGA DRAIN,PSYCHIC,SLEEP POWDER,LIGHT SCREEN,Custom,CHLOROPHYLL,None,255
739,CHAMPION,TERRY,3,6,BLASTOISE,75,HYDRO PUMP,ICE BEAM,EARTHQUAKE,RAIN DANCE,Custom,TORRENT,SITRUS BERRY,255
740,CHAMPION,TERRY,3,1,HERACROSS,72,MEGAHORN,EARTHQUAKE,COUNTER,ROCK TOMB,Custom,SWARM / GUTS,None,255
740,CHAMPION,TERRY,3,2,ALAKAZAM,73,PSYCHIC,SHADOW BALL,CALM MIND,REFLECT,Custom,SYNCHRONIZE / INNER FOCUS,None,255
740,CHAMPION,TERRY,3,3,TYRANITAR,72,CRUNCH,EARTHQUAKE,THUNDERBOLT,AERIAL ACE,Custom,SAND STREAM,None,255
740,CHAMPION,TERRY,3,4,GYARADOS,73,HYDRO PUMP,DRAGON DANCE,EARTHQUAKE,HYPER BEAM,Custom,INTIMIDATE / TORRENT,None,255
740,CHAMPION,TERRY,3,5,ARCANINE,73,EXTREMESPEED,OVERHEAT,AERIAL ACE,IRON TAIL,Custom,INTIMIDATE / FLASH FIRE,None,255
740,CHAMPION,TERRY,3,6,VENUSAUR,75,SOLARBEAM,SLUDGE BOMB,EARTHQUAKE,SUNNY DAY,Custom,OVERGROW,SITRUS BERRY,255
741,CHAMPION,TERRY,3,1,HERACROSS,72,MEGAHORN,EARTHQUAKE,COUNTER,ROCK TOMB,Custom,SWARM / GUTS,None,255
741,CHAMPION,TERRY,3,2,ALAKAZAM,73,PSYCHIC,SHADOW BALL,CALM MIND,REFLECT,Custom,SYNCHRONIZE / INNER FOCUS,None,255
741,CHAMPION,TERRY,3,3,TYRANITAR,72,CRUNCH,EARTHQUAKE,THUNDERBOLT,AERIAL ACE,Custom,SAND STREAM,None,255
741,CHAMPION,TERRY,3,4,EXEGGUTOR,73,GIGA DRAIN,PSYCHIC,SLEEP POWDER,LIGHT SCREEN,Custom,CHLOROPHYLL,None,255
741,CHAMPION,TERRY,3,5,GYARADOS,73,HYDRO PUMP,DRAGON DANCE,EARTHQUAKE,HYPER BEAM,Custom,INTIMIDATE / TORRENT,None,255
741,CHAMPION,TERRY,3,6,CHARIZARD,75,FIRE BLAST,DRAGON CLAW,AERIAL ACE,EARTHQUAKE,Custom,BLAZE,SITRUS BERRY,255
742,ALL,PAXTON,0,1,WEEZING,39,SLUDGE,SMOKESCREEN,HAZE,TRI ATTACK,Level-up,LEVITATE,None,50
742,ALL,PAXTON,0,2,MUK,39,ACID ARMOR,STOCKPILE,SLUDGE BOMB,PAIN SPLIT,Level-up,STENCH / STICKY HOLD,None,50
