DexID,Pokemon,Move1_Level,Move1_Name,Move2_Level,Move2_Name,Move3_Level,Move3_Name,Move4_Level,Move4_Name,Move5_Level,Move5_Name,Move6_Level,Move6_Name,Move7_Level,Move7_Name,Move8_Level,Move8_Name,Move9_Level,Move9_Name,Move10_Level,Move10_Name,Move11_Level,Move11_Name,Move12_Level,Move12_Name,Move13_Level,Move13_Name,Move14_Level,Move14_Name,Move15_Level,Move15_Name,Move16_Level,Move16_Name,Move17_Level,Move17_Name,Move18_Level,Move18_Name,Move19_Level,Move19_Name,Move20_Level,Move20_Name,Move21_Level,Move21_Name,Move22_Level,Move22_Name,Move23_Level,Move23_Name,Move24_Level,Move24_Name,Move25_Level,Move25_Name,Move26_Level,Move26_Name
1,BULBASAUR,1,TACKLE,1,GROWL,1,LEECH SEED,4,GROWL,7,LEECH SEED,10,VINE WHIP,15,POISONPOWDER,15,SLEEP POWDER,22,RAZOR LEAF,29,SWEET SCENT,32,SLUDGE BOMB,38,GROWTH,43,GIGA DRAIN,47,SYNTHESIS,56,SOLARBEAM,,,,,,,,,,,,,,,,,,,,,,
2,IVYSAUR,1,VINE WHIP,1,TACKLE,1,GROWL,1,LEECH SEED,4,GROWL,7,LEECH SEED,10,VINE WHIP,15,POISONPOWDER,15,SLEEP POWDER,22,RAZOR LEAF,29,SWEET SCENT,34,SLUDGE BOMB,41,GROWTH,46,GIGA DRAIN,53,SYNTHESIS,65,SOLARBEAM,70,FRENZY PLANT,,,,,,,,,,,,,,,,,,
3,VENUSAUR,1,VINE WHIP,1,TACKLE,1,GROWL,1,LEECH SEED,4,GROWL,7,LEECH SEED,10,VINE WHIP,15,POISONPOWDER,15,SLEEP POWDER,22,RAZOR LEAF,29,SWEET SCENT,34,SLUDGE BOMB,41,GROWTH,46,GIGA DRAIN,53,SYNTHESIS,65,SOLARBEAM,70,FRENZY PLANT,,,,,,,,,,,,,,,,,,
4,ECOSAUR,1,VINE WHIP,1,TACKLE,1,GROWL,1,LEECH SEED,4,GROWL,7,LEECH SEED,10,VINE WHIP,15,POISONPOWDER,15,SLEEP POWDER,22,RAZOR LEAF,29,SWEET SCENT,34,SLUDGE BOMB,41,GROWTH,46,GIGA DRAIN,53,SYNTHESIS,65,SOLARBEAM,70,FRENZY PLANT,,,,,,,,,,,,,,,,,,
5,TERARISAUR,1,VINE WHIP,1,TACKLE,1,GROWL,1,LEECH SEED,4,GROWL,7,LEECH SEED,10,VINE WHIP,15,POISONPOWDER,15,SLEEP POWDER,22,RAZOR LEAF,29,SWEET SCENT,34,SLUDGE BOMB,41,GROWTH,46,GIGA DRAIN,53,SYNTHESIS,65,SOLARBEAM,70,FRENZY PLANT,,,,,,,,,,,,,,,,,,
6,SYMBISAUR,1,SCRATCH,1,GROWL,7,EMBER,13,METAL CLAW,14,SMOKESCREEN,19,FIRE SPIN,25,SCARY FACE,31,FLAMETHROWER,37,SLASH,43,DRAGONBREATH,49,HEAT WAVE,,,,,,,,,,,,,,,,,,,,,,,,,,,,,,
7,CHARMANDER,1,SCRATCH,1,GROWL,1,EMBER,7,EMBER,13,METAL CLAW,16,SMOKESCREEN,20,FIRE SPIN,27,SCARY FACE,34,FLAMETHROWER,41,SLASH,48,DRAGONBREATH,55,HEAT WAVE,,,,,,,,,,,,,,,,,,,,,,,,,,,,
8,CHARMELEON,1,SCRATCH,1,GROWL,1,EMBER,1,METAL CLAW,1,HEAT WAVE,7,EMBER,13,METAL CLAW,20,SMOKESCREEN,27,SCARY FACE,34,FLAMETHROWER,36,WING ATTACK,44,SLASH,54,DRAGONBREATH,64,HEAT WAVE,,,,,,,,,,,,,,,,,,,,,,,,
9,CHARIZARD,1,SCRATCH,1,GROWL,1,EMBER,1,METAL CLAW,1,HEAT WAVE,7,EMBER,13,METAL CLAW,16,SMOKESCREEN,23,FIRE SPIN,27,SCARY FACE,34,FLAMETHROWER,36,WING ATTACK,44,SLASH,54,DRAGONBREATH,64,HEAT WAVE,,,,,,,,,,,,,,,,,,,,,,
10,CHARIGUANA,1,SCRATCH,1,GROWL,1,EMBER,1,METAL CLAW,1,HEAT WAVE,7,EMBER,13,METAL CLAW,16,SMOKESCREEN,23,FIRE SPIN,27,SCARY FACE,34,FLAMETHROWER,36,WING ATTACK,44,SLASH,54,DRAGONBREATH,64,HEAT WAVE,70,HYDRO PUMP,,,,,,,,,,,,,,,,,,,,
11,CHARIANA,1,SCRATCH,1,GROWL,1,EMBER,1,METAL CLAW,1,HEAT WAVE,7,EMBER,13,METAL CLAW,16,SMOKESCREEN,23,FIRE SPIN,27,SCARY FACE,34,FLAMETHROWER,36,WING ATTACK,44,SLASH,54,DRAGONBREATH,64,HEAT WAVE,70,HYDRO PUMP,,,,,,,,,,,,,,,,,,,,
12,CHARIATHAN,1,TACKLE,4,TAIL WHIP,7,BUBBLE,10,WITHDRAW,13,WATER GUN,18,BITE,21,RAPID SPIN,24,BUBBLEBEAM,28,PROTECT,33,RAIN DANCE,40,SKULL BASH,47,HYDRO PUMP,,,,,,,,,,,,,,,,,,,,,,,,,,,,
13,SQUIRTLE,1,TACKLE,1,TAIL WHIP,1,BUBBLE,4,TAIL WHIP,7,BUBBLE,10,WITHDRAW,13,WATER GUN,19,BITE,22,RAPID SPIN,25,BUBBLEBEAM,31,PROTECT,37,RAIN DANCE,45,SKULL BASH,53,HYDRO PUMP,,,,,,,,,,,,,,,,,,,,,,,,
14,WARTORTLE,1,TACKLE,1,TAIL WHIP,1,WITHDRAW,1,BUBBLE,4,TAIL WHIP,7,BUBBLE,10,WITHDRAW,13,WATER GUN,19,BITE,22,RAPID SPIN,25,BUBBLEBEAM,31,PROTECT,42,RAIN DANCE,55,SKULL BASH,68,HYDRO PUMP,,,,,,,,,,,,,,,,,,,,,,
15,BLASTOISE,1,TACKLE,1,TAIL WHIP,1,WITHDRAW,1,BUBBLE,4,TAIL WHIP,7,BUBBLE,10,WITHDRAW,13,WATER GUN,19,BITE,22,RAPID SPIN,25,BUBBLEBEAM,31,PROTECT,42,RAIN DANCE,55,SKULL BASH,68,HYDRO PUMP,,,,,,,,,,,,,,,,,,,,,,
16,FERRAPIN,1,TACKLE,1,TAIL WHIP,1,WITHDRAW,1,BUBBLE,4,TAIL WHIP,7,BUBBLE,10,WITHDRAW,13,WATER GUN,19,BITE,22,RAPID SPIN,25,BUBBLEBEAM,31,PROTECT,42,RAIN DANCE,52,FLASH CANNON,55,SKULL BASH,68,HYDRO PUMP,,,,,,,,,,,,,,,,,,,,
17,FORTOISE,1,TACKLE,1,TAIL WHIP,1,WITHDRAW,1,BUBBLE,4,TAIL WHIP,7,BUBBLE,10,WITHDRAW,13,WATER GUN,19,BITE,22,RAPID SPIN,25,BUBBLEBEAM,31,PROTECT,42,RAIN DANCE,52,FLASH CANNON,55,SKULL BASH,68,HYDRO PUMP,,,,,,,,,,,,,,,,,,,,
18,TURTILLERY,1,TACKLE,1,STRING SHOT,,,,,,,,,,,,,,,,,,,,,,,,,,,,,,,,,,,,,,,,,,,,,,,,
19,CATERPIE,1,HARDEN,7,HARDEN,,,,,,,,,,,,,,,,,,,,,,,,,,,,,,,,,,,,,,,,,,,,,,,,
20,METAPOD,1,CONFUSION,10,CONFUSION,13,POISONPOWDER,14,STUN SPORE,15,SLEEP POWDER,18,SUPERSONIC,23,WHIRLWIND,28,GUST,34,PSYBEAM,40,SAFEGUARD,47,SILVER WIND,,,,,,,,,,,,,,,,,,,,,,,,,,,,,,
21,BUTTERFREE,1,CONFUSION,10,CONFUSION,11,EMBER,13,POISONPOWDER,14,STUN SPORE,15,SLEEP POWDER,18,SUPERSONIC,22,FIRE SPIN,23,WHIRLWIND,25,WILL-O-WISP,28,GUST,34,PSYBEAM,40,SAFEGUARD,47,SILVER WIND,,,,,,,,,,,,,,,,,,,,,,,,
22,BUTTEFLARE,1,CONFUSION,10,CONFUSION,11,EMBER,13,POISONPOWDER,14,STUN SPORE,15,SLEEP POWDER,18,SUPERSONIC,23,GUST,25,FIRE SPIN,28,WILL-O-WISP,34,HEAT WAVE,36,WEATHER BALL,40,AIR CUTTER,47,OVERHEAT,,,,,,,,,,,,,,,,,,,,,,,,
23,PYREFREE,1,CONFUSION,10,CONFUSION,11,EMBER,13,POISONPOWDER,14,STUN SPORE,15,SLEEP POWDER,18,SUPERSONIC,23,GUST,25,WILL-O-WISP,28,WHIRLWIND,34,HEAT WAVE,36,WEATHER BALL,40,AIR CUTTER,45,OVERHEAT,47,SUNNY DAY,50,FLAMETHROWER,55,ERUPTION,60,BUG BUZZ,,,,,,,,,,,,,,,,
24,IMPSECT,1,POISON STING,1,STRING SHOT,,,,,,,,,,,,,,,,,,,,,,,,,,,,,,,,,,,,,,,,,,,,,,,,
25,WEEDLE,1,HARDEN,7,HARDEN,,,,,,,,,,,,,,,,,,,,,,,,,,,,,,,,,,,,,,,,,,,,,,,,
26,KAKUNA,1,FURY ATTACK,10,FURY ATTACK,15,FOCUS ENERGY,20,TWINEEDLE,25,RAGE,30,PURSUIT,35,PIN MISSILE,40,AGILITY,45,ENDEAVOR,,,,,,,,,,,,,,,,,,,,,,,,,,,,,,,,,,
27,BEEDRILL,1,FURY ATTACK,10,FURY ATTACK,15,FOCUS ENERGY,20,TWINEEDLE,25,RAGE,25,BULK UP,30,PURSUIT,35,PIN MISSILE,40,MEGAHORN,50,ENDEAVOR,,,,,,,,,,,,,,,,,,,,,,,,,,,,,,,,
28,BEEBRUTE,1,FURY ATTACK,5,BIDE,10,FURY ATTACK,15,FOCUS ENERGY,20,TWINEEDLE,25,RAGE,25,BULK UP,30,PIN MISSILE,30,PURSUIT,36,BARRIER,36,LIGHT SCREEN,36,REFLECT,36,PROTECT,40,MEGAHORN,45,SPIKE CANNON,45,POISON JAB,50,ENDEAVOR,,,,,,,,,,,,,,,,,,
29,DRONARCH,1,FURY ATTACK,10,FURY ATTACK,15,FOCUS ENERGY,20,TWINEEDLE,25,RAGE,30,SLASH,30,PURSUIT,35,PIN MISSILE,36,SWORDS DANCE,36,ENCORE,40,AGILITY,40,MEGAHORN,45,POISON JAB,55,GUILLOTINE,,,,,,,,,,,,,,,,,,,,,,,,
30,SEPISTRIKE,1,TACKLE,5,SAND-ATTACK,9,GUST,13,QUICK ATTACK,19,WHIRLWIND,25,WING ATTACK,29,FEATHERDANCE,34,AGILITY,38,MIRROR MOVE,,,,,,,,,,,,,,,,,,,,,,,,,,,,,,,,,,
31,PIDGEY,1,GUST,1,SAND-ATTACK,1,TACKLE,5,SAND-ATTACK,9,GUST,13,QUICK ATTACK,20,WHIRLWIND,27,WING ATTACK,31,FEATHERDANCE,35,AGILITY,40,MIRROR MOVE,,,,,,,,,,,,,,,,,,,,,,,,,,,,,,
32,PIDGEOTTO,1,GUST,1,SAND-ATTACK,1,TACKLE,1,QUICK ATTACK,5,SAND-ATTACK,9,GUST,13,QUICK ATTACK,20,WHIRLWIND,27,WING ATTACK,31,FEATHERDANCE,36,DRILL PECK,36,AGILITY,41,MIRROR MOVE,,,,,,,,,,,,,,,,,,,,,,,,,,
33,PIDGEOT,1,GUST,1,SAND-ATTACK,1,TACKLE,1,QUICK ATTACK,5,SAND-ATTACK,9,GUST,13,QUICK ATTACK,20,WHIRLWIND,27,WING ATTACK,31,FEATHERDANCE,36,DRILL PECK,36,AGILITY,41,MIRROR MOVE,47,STEEL WING,52,VOLT TACKLE,58,BRAVE BIRD,,,,,,,,,,,,,,,,,,,,
34,PIDGAERO,1,GUST,1,SAND-ATTACK,1,TACKLE,1,QUICK ATTACK,5,SAND-ATTACK,9,GUST,13,QUICK ATTACK,20,WHIRLWIND,27,WING ATTACK,31,FEATHERDANCE,36,DRILL PECK,36,AGILITY,41,MIRROR MOVE,47,STEEL WING,52,VOLT TACKLE,58,BRAVE BIRD,,,,,,,,,,,,,,,,,,,,
35,PIDGEOZONE,1,GUST,1,SAND-ATTACK,1,TACKLE,1,QUICK ATTACK,5,SAND-ATTACK,9,GUST,13,QUICK ATTACK,20,WHIRLWIND,27,WING ATTACK,31,FEATHERDANCE,36,DRILL PECK,36,AGILITY,41,MIRROR MOVE,47,STEEL WING,52,VOLT TACKLE,58,BRAVE BIRD,,,,,,,,,,,,,,,,,,,,
36,PIDGEPHYR,1,TACKLE,1,TAIL WHIP,7,QUICK ATTACK,13,HYPER FANG,20,FOCUS ENERGY,27,PURSUIT,34,SUPER FANG,41,ENDEAVOR,,,,,,,,,,,,,,,,,,,,,,,,,,,,,,,,,,,,
37,RATTATA,1,TACKLE,1,TAIL WHIP,1,QUICK ATTACK,7,QUICK ATTACK,13,HYPER FANG,15,SCARY FACE,20,PURSUIT,25,SUPER FANG,40,ENDEAVOR,,,,,,,,,,,,,,,,,,,,,,,,,,,,,,,,,,
38,RATICATE,1,TACKLE,1,TAIL WHIP,1,QUICK ATTACK,5,QUICK ATTACK,7,SNATCH,13,HYPER FANG,20,SCARY FACE,30,PURSUIT,35,SUPER FANG,40,POISON FANG,50,ENDEAVOR,,,,,,,,,,,,,,,,,,,,,,,,,,,,,,
39,RATTCHET,1,TACKLE,1,TAIL WHIP,1,QUICK ATTACK,7,SNATCH,13,HYPER FANG,20,SCARY FACE,20,UPROAR,25,PURSUIT,30,SUPER FANG,40,POISON FANG,40,FOUL PLAY,50,ENDEAVOR,,,,,,,,,,,,,,,,,,,,,,,,,,,,
40,RATTARULE,1,GROWL,1,PECK,7,LEER,13,FURY ATTACK,19,PURSUIT,25,AERIAL ACE,29,MIRROR MOVE,34,DRILL PECK,38,AGILITY,,,,,,,,,,,,,,,,,,,,,,,,,,,,,,,,,,
41,SPEAROW,1,FURY ATTACK,1,LEER,1,GROWL,1,PECK,7,LEER,13,FURY ATTACK,26,PURSUIT,29,MIRROR MOVE,34,DRILL PECK,38,AGILITY,,,,,,,,,,,,,,,,,,,,,,,,,,,,,,,,
42,FEAROW,1,FURY ATTACK,1,LEER,1,GROWL,1,PECK,7,LEER,13,FURY ATTACK,26,PURSUIT,29,MIRROR MOVE,30,TAUNT,34,DRILL PECK,38,AGILITY,44,NIGHT SLASH,49,CALM MIND,55,BEAT UP,59,DESTINY BOND,64,BRAVE BIRD,,,,,,,,,,,,,,,,,,,,
43,SNEEROW,1,FURY ATTACK,1,LEER,1,GROWL,1,PECK,7,LEER,13,FURY ATTACK,26,PURSUIT,29,MIRROR MOVE,30,TAUNT,34,DRILL PECK,38,AGILITY,44,NIGHT SLASH,49,CALM MIND,55,BEAT UP,59,DESTINY BOND,64,BRAVE BIRD,,,,,,,,,,,,,,,,,,,,
44,ORNITHOW,1,WRAP,1,LEER,8,POISON STING,13,BITE,20,GLARE,25,SCREECH,32,POISON FANG,37,STOCKPILE,37,SPIT UP,37,SWALLOW,42,HAZE,,,,,,,,,,,,,,,,,,,,,,,,,,,,,,
45,EKANS,1,WRAP,1,POISON STING,1,LEER,1,BITE,8,POISON STING,13,BITE,20,GLARE,25,SCREECH,32,POISON FANG,37,STOCKPILE,37,SPIT UP,37,SWALLOW,44,HAZE,,,,,,,,,,,,,,,,,,,,,,,,,,
46,ARBOK,1,WRAP,1,POISON STING,1,LEER,1,BITE,8,POISON STING,13,BITE,20,GLARE,25,SCREECH,32,POISON FANG,37,STOCKPILE,37,SPIT UP,37,SWALLOW,44,HAZE,49,POISON JAB,55,CRUNCH,57,OUTRAGE,,,,,,,,,,,,,,,,,,,,
47,NOHTYP,1,WRAP,1,POISON STING,1,LEER,1,BITE,8,POISON STING,13,BITE,20,GLARE,25,SCREECH,32,POISON FANG,37,STOCKPILE,37,SPIT UP,37,SWALLOW,44,HAZE,49,POISON JAB,55,CRUNCH,57,OUTRAGE,,,,,,,,,,,,,,,,,,,,
48,ADNOKANA,1,GROWL,1,THUNDERSHOCK,6,TAIL WHIP,8,THUNDER WAVE,11,QUICK ATTACK,15,DOUBLE TEAM,20,SLAM,26,SPARK,33,AGILITY,37,THUNDER,42,LIGHT SCREEN,47,THUNDERBOLT,,,,,,,,,,,,,,,,,,,,,,,,,,,,
49,PIKACHU,1,GROWL,1,THUNDERSHOCK,6,TAIL WHIP,8,THUNDER WAVE,11,QUICK ATTACK,15,DOUBLE TEAM,20,SLAM,26,SPARK,33,AGILITY,37,THUNDER,42,LIGHT SCREEN,47,THUNDERBOLT,,,,,,,,,,,,,,,,,,,,,,,,,,,,
50,RAICHU,1,GROWL,1,THUNDERSHOCK,6,TAIL WHIP,8,THUNDER WAVE,11,QUICK ATTACK,15,DOUBLE TEAM,20,SLAM,26,SPARK,33,AGILITY,37,THUNDER,40,DARK PULSE,43,TORMENT,45,LIGHT SCREEN,48,KNOCK OFF,50,FOUL PLAY,52,THUNDERBOLT,56,AURA SPHERE,59,CALM MIND,64,VOLT TACKLE,,,,,,,,,,,,,,
51,GOROCHU,1,GROWL,1,THUNDERSHOCK,6,TAIL WHIP,8,THUNDER WAVE,11,QUICK ATTACK,15,DOUBLE TEAM,20,SLAM,26,SPARK,33,AGILITY,37,THUNDER,40,DARK PULSE,43,TORMENT,45,LIGHT SCREEN,48,KNOCK OFF,50,FOUL PLAY,52,THUNDERBOLT,56,AURA SPHERE,59,CALM MIND,64,VOLT TACKLE,,,,,,,,,,,,,,
52,STROMACHU,1,SCRATCH,6,DEFENSE CURL,11,SAND-ATTACK,17,SAND TOMB,20,POISON STING,23,SLASH,30,MAGNITUDE,34,FURY SWIPES,40,SANDSTORM,46,EARTHQUAKE,50,GYRO BALL,,,,,,,,,,,,,,,,,,,,,,,,,,,,,,
53,SANDSHREW,1,SCRATCH,1,DEFENSE CURL,6,DEFENSE CURL,11,SAND-ATTACK,17,SAND TOMB,20,POISON STING,23,SLASH,30,MAGNITUDE,34,FURY SWIPES,40,SANDSTORM,42,SPIKES,46,EARTHQUAKE,50,GYRO BALL,,,,,,,,,,,,,,,,,,,,,,,,,,
54,SANDSLASH,1,SCRATCH,1,DEFENSE CURL,1,METAL CLAW,6,DEFENSE CURL,11,SAND-ATTACK,17,SAND TOMB,20,POISON STING,23,SLASH,30,MAGNITUDE,31,ROLLOUT,34,FURY SWIPES,40,SANDSTORM,42,SPIKES,46,EARTHQUAKE,48,IRON DEFENSE,50,GYRO BALL,55,SWORDS DANCE,60,METAL BURST,,,,,,,,,,,,,,,,
55,SANDSLAM,1,SCRATCH,1,DEFENSE CURL,1,METAL CLAW,6,DEFENSE CURL,11,SAND-ATTACK,17,SAND TOMB,20,POISON STING,23,SLASH,30,MAGNITUDE,31,ROLLOUT,34,FURY SWIPES,40,SANDSTORM,42,SPIKES,46,EARTHQUAKE,48,IRON DEFENSE,50,GYRO BALL,55,SWORDS DANCE,60,METAL BURST,,,,,,,,,,,,,,,,
56,FERODILLO,1,SCRATCH,1,GROWL,8,TAIL WHIP,12,DOUBLE KICK,17,POISON STING,20,BITE,23,POISON TAIL,30,FURY SWIPES,34,SAND TOMB,38,FLATTER,40,CRUNCH,,,,,,,,,,,,,,,,,,,,,,,,,,,,,,
57,NIDORAN?,1,SCRATCH,1,GROWL,8,TAIL WHIP,12,DOUBLE KICK,17,POISON STING,20,BITE,23,POISON TAIL,30,FURY SWIPES,34,SAND TOMB,38,FLATTER,40,CRUNCH,,,,,,,,,,,,,,,,,,,,,,,,,,,,,,
58,NIDORINA,1,SCRATCH,1,GROWL,8,TAIL WHIP,12,DOUBLE KICK,17,POISON STING,20,BITE,23,POISON TAIL,30,FURY SWIPES,34,SAND TOMB,38,FLATTER,40,CRUNCH,44,POISON JAB,49,EARTHQUAKE,55,THRASH,60,IRON HEAD,65,SWORDS DANCE,68,SUPERPOWER,,,,,,,,,,,,,,,,,,
59,NIDOQUEEN,1,SCRATCH,1,GROWL,8,TAIL WHIP,12,DOUBLE KICK,17,POISON STING,20,BITE,23,POISON TAIL,30,FURY SWIPES,34,SAND TOMB,38,FLATTER,40,CRUNCH,44,POISON JAB,49,EARTHQUAKE,55,THRASH,60,IRON HEAD,65,SWORDS DANCE,68,SUPERPOWER,,,,,,,,,,,,,,,,,,
60,NIDOREGAL,1,SCRATCH,1,GROWL,8,TAIL WHIP,12,DOUBLE KICK,17,POISON STING,20,BITE,23,POISON TAIL,30,FURY SWIPES,34,SAND TOMB,38,FLATTER,40,CRUNCH,44,POISON JAB,49,EARTHQUAKE,55,THRASH,60,IRON HEAD,65,SWORDS DANCE,68,SUPERPOWER,,,,,,,,,,,,,,,,,,
61,NIDOARCHY,1,SCRATCH,1,GROWL,8,TAIL WHIP,12,DOUBLE KICK,17,POISON STING,20,BITE,23,POISON TAIL,30,HORN ATTACK,34,SAND TOMB,38,SWAGGER,40,HORN DRILL,,,,,,,,,,,,,,,,,,,,,,,,,,,,,,
62,NIDORAN?,1,SCRATCH,1,GROWL,8,TAIL WHIP,12,DOUBLE KICK,17,POISON STING,20,BITE,23,POISON TAIL,30,HORN ATTACK,34,SAND TOMB,38,SWAGGER,40,HORN DRILL,,,,,,,,,,,,,,,,,,,,,,,,,,,,,,
63,NIDORINO,1,SCRATCH,1,GROWL,8,TAIL WHIP,12,DOUBLE KICK,17,POISON STING,20,BITE,23,POISON TAIL,30,HORN ATTACK,34,SAND TOMB,38,SWAGGER,40,HORN DRILL,44,POISON JAB,49,EARTHQUAKE,55,MEGAHORN,60,IRON HEAD,65,SWORDS DANCE,68,SUPERPOWER,,,,,,,,,,,,,,,,,,
64,NIDOKING,1,SCRATCH,1,GROWL,8,TAIL WHIP,12,DOUBLE KICK,17,POISON STING,20,BITE,23,POISON TAIL,30,HORN ATTACK,34,SAND TOMB,38,SWAGGER,40,HORN DRILL,44,POISON JAB,49,EARTHQUAKE,55,MEGAHORN,60,IRON HEAD,65,SWORDS DANCE,68,SUPERPOWER,,,,,,,,,,,,,,,,,,
65,NIDORULY,1,SCRATCH,1,GROWL,8,TAIL WHIP,12,DOUBLE KICK,17,POISON STING,20,BITE,23,POISON TAIL,30,HORN ATTACK,34,SAND TOMB,38,SWAGGER,40,HORN DRILL,44,POISON JAB,49,EARTHQUAKE,55,MEGAHORN,60,IRON HEAD,65,SWORDS DANCE,68,SUPERPOWER,,,,,,,,,,,,,,,,,,
66,NIDOMINATE,1,POUND,1,GROWL,5,ENCORE,9,SING,13,DOUBLESLAP,17,FOLLOW ME,20,SWIFT,21,MINIMIZE,25,DEFENSE CURL,29,METRONOME,33,COSMIC POWER,37,MOONLIGHT,39,FLASH CANNON,41,LIGHT SCREEN,45,PSYCHIC,50,HYPER VOICE,54,WISH,,,,,,,,,,,,,,,,,,
67,CLEFAIRY,1,POUND,1,GROWL,5,ENCORE,9,SING,13,DOUBLESLAP,17,FOLLOW ME,20,SWIFT,21,MINIMIZE,25,DEFENSE CURL,29,METRONOME,33,COSMIC POWER,37,MOONLIGHT,39,FLASH CANNON,41,LIGHT SCREEN,45,PSYCHIC,50,HYPER VOICE,54,WISH,,,,,,,,,,,,,,,,,,
68,CLEFABLE,1,POUND,1,GROWL,5,ENCORE,9,SING,13,DOUBLESLAP,17,FOLLOW ME,20,SWIFT,21,MINIMIZE,25,DEFENSE CURL,29,METRONOME,33,COSMIC POWER,37,MOONLIGHT,39,FLASH CANNON,41,LIGHT SCREEN,45,PSYCHIC,50,HYPER VOICE,54,WISH,59,EXTRASENSORY,65,FUTURE SIGHT,,,,,,,,,,,,,,
69,CLEFAEFAE,1,POUND,1,GROWL,5,ENCORE,9,SING,13,DOUBLESLAP,17,FOLLOW ME,20,SWIFT,21,MINIMIZE,25,DEFENSE CURL,29,METRONOME,33,COSMIC POWER,37,MOONLIGHT,39,FLASH CANNON,41,LIGHT SCREEN,45,PSYCHIC,50,HYPER VOICE,54,WISH,59,EXTRASENSORY,65,FUTURE SIGHT,,,,,,,,,,,,,,
70,CLEFANAUT,1,EMBER,5,TAIL WHIP,9,ROAR,13,QUICK ATTACK,17,WILL-O-WISP,21,FIRE SPIN,25,CONFUSE RAY,29,SWIFT,33,SAFEGUARD,37,FLAMETHROWER,41,MORNING SUN,,,,,,,,,,,,,,,,,,,,,,,,,,,,,,
71,VULPIX,1,EMBER,5,TAIL WHIP,9,ROAR,13,QUICK ATTACK,17,WILL-O-WISP,21,FIRE SPIN,25,CONFUSE RAY,29,SWIFT,33,SAFEGUARD,37,FLAMETHROWER,40,SHADOW BALL,41,MORNING SUN,,,,,,,,,,,,,,,,,,,,,,,,,,,,
72,NINETALES,1,EMBER,5,TAIL WHIP,9,ROAR,13,QUICK ATTACK,17,WILL-O-WISP,21,FIRE SPIN,25,CONFUSE RAY,29,SWIFT,33,SAFEGUARD,37,FLAMETHROWER,40,SHADOW BALL,41,MORNING SUN,44,CURSE,49,FIRE BLAST,56,EXTRASENSORY,60,BLAST BURN,,,,,,,,,,,,,,,,,,,,
73,SPIRITALES,1,EMBER,5,TAIL WHIP,9,ROAR,13,QUICK ATTACK,17,WILL-O-WISP,21,FIRE SPIN,25,CONFUSE RAY,29,SWIFT,33,SAFEGUARD,37,FLAMETHROWER,40,SHADOW BALL,41,MORNING SUN,44,CURSE,49,FIRE BLAST,56,EXTRASENSORY,60,BLAST BURN,,,,,,,,,,,,,,,,,,,,
74,YOKAYUBI,1,SING,4,DEFENSE CURL,9,POUND,14,DISABLE,19,ROLLOUT,24,DOUBLESLAP,29,REST,34,BODY SLAM,39,MIMIC,44,HYPER VOICE,49,DOUBLE-EDGE,,,,,,,,,,,,,,,,,,,,,,,,,,,,,,
75,JIGGLYPUFF,1,SING,4,DEFENSE CURL,9,POUND,14,DISABLE,19,ROLLOUT,24,DOUBLESLAP,29,REST,34,BODY SLAM,39,MIMIC,44,HYPER VOICE,49,DOUBLE-EDGE,,,,,,,,,,,,,,,,,,,,,,,,,,,,,,
76,WIGGLYTUFF,1,SING,4,DEFENSE CURL,9,POUND,14,DISABLE,19,ROLLOUT,24,DOUBLESLAP,29,REST,34,BODY SLAM,39,MIMIC,40,AIR SLASH,44,HYPER VOICE,49,DOUBLE-EDGE,53,LIGHT SCREEN,53,REFLECT,58,PSYCHIC,62,RECOVER,,,,,,,,,,,,,,,,,,,,
77,GIGGLYHUFF,1,SING,4,DEFENSE CURL,9,POUND,14,DISABLE,19,ROLLOUT,24,DOUBLESLAP,29,REST,34,BODY SLAM,39,MIMIC,40,AIR SLASH,44,HYPER VOICE,49,DOUBLE-EDGE,53,LIGHT SCREEN,53,REFLECT,58,PSYCHIC,62,RECOVER,,,,,,,,,,,,,,,,,,,,
78,BOGGLYFUFF,1,LEECH LIFE,6,ASTONISH,11,SUPERSONIC,16,BITE,21,WING ATTACK,26,CONFUSE RAY,31,POISON JAB,36,MEAN LOOK,41,CRUNCH,43,AERIAL ACE,46,HAZE,,,,,,,,,,,,,,,,,,,,,,,,,,,,,,
79,ZUBAT,1,BITE,1,LEECH LIFE,6,ASTONISH,11,SUPERSONIC,16,BITE,21,WING ATTACK,26,CONFUSE RAY,31,POISON JAB,36,MEAN LOOK,41,CRUNCH,43,AERIAL ACE,46,HAZE,,,,,,,,,,,,,,,,,,,,,,,,,,,,
80,GOLBAT,1,BITE,1,LEECH LIFE,6,ASTONISH,11,SUPERSONIC,16,BITE,21,WING ATTACK,26,CONFUSE RAY,31,POISON JAB,36,MEAN LOOK,41,CRUNCH,43,AERIAL ACE,46,HAZE,,,,,,,,,,,,,,,,,,,,,,,,,,,,
81,CROBAT,1,BITE,1,LEECH LIFE,6,ASTONISH,11,SUPERSONIC,16,BITE,21,WING ATTACK,26,CONFUSE RAY,31,POISON JAB,36,MEAN LOOK,41,CRUNCH,43,AERIAL ACE,46,TOXIC,46,HAZE,50,GLARE,55,EXTREMESPEED,60,BATON PASS,,,,,,,,,,,,,,,,,,,,
82,POLABAT,1,BITE,1,LEECH LIFE,6,ASTONISH,11,SUPERSONIC,16,BITE,21,WING ATTACK,26,CONFUSE RAY,31,POISON JAB,36,MEAN LOOK,41,CRUNCH,43,AERIAL ACE,46,TOXIC,46,HAZE,50,GLARE,55,EXTREMESPEED,60,BATON PASS,,,,,,,,,,,,,,,,,,,,
83,VISIBAT,1,BITE,1,LEECH LIFE,6,ASTONISH,11,SUPERSONIC,16,BITE,21,WING ATTACK,26,CONFUSE RAY,31,POISON JAB,36,MEAN LOOK,41,CRUNCH,43,AERIAL ACE,46,TOXIC,46,HAZE,50,GLARE,55,EXTREMESPEED,60,BATON PASS,,,,,,,,,,,,,,,,,,,,
84,HORRIBAT,1,ABSORB,7,SWEET SCENT,13,POISONPOWDER,13,STUN SPORE,13,SLEEP POWDER,17,SWIFT,23,ACID,28,TOXIC,34,PETAL DANCE,37,MOONLIGHT,42,ENERGY BALL,47,SLUDGE BOMB,50,SUNNY DAY,54,SOLARBEAM,,,,,,,,,,,,,,,,,,,,,,,,
85,ODDISH,1,ABSORB,1,SWIFT,7,SWEET SCENT,13,POISONPOWDER,13,STUN SPORE,13,SLEEP POWDER,17,SWIFT,23,ACID,28,TOXIC,34,PETAL DANCE,37,MOONLIGHT,42,ENERGY BALL,47,SLUDGE BOMB,50,SUNNY DAY,54,SOLARBEAM,,,,,,,,,,,,,,,,,,,,,,
86,GLOOM,1,ABSORB,1,SWIFT,7,SWEET SCENT,13,POISONPOWDER,13,STUN SPORE,13,SLEEP POWDER,17,SWIFT,23,ACID,28,TOXIC,34,PETAL DANCE,37,MOONLIGHT,42,ENERGY BALL,47,SLUDGE BOMB,50,SUNNY DAY,54,SOLARBEAM,,,,,,,,,,,,,,,,,,,,,,
87,VILEPLUME,1,ABSORB,1,SWIFT,7,SWEET SCENT,13,POISONPOWDER,13,STUN SPORE,13,SLEEP POWDER,17,SWIFT,23,ACID,28,TOXIC,34,PETAL DANCE,37,MOONLIGHT,42,ENERGY BALL,47,SLUDGE BOMB,50,SUNNY DAY,54,SOLARBEAM,57,SPORE,60,DARK PULSE,64,HAZE,,,,,,,,,,,,,,,,
88,RAFFLURK,1,ABSORB,1,SWIFT,7,SWEET SCENT,13,POISONPOWDER,13,STUN SPORE,13,SLEEP POWDER,17,SWIFT,23,ACID,28,TOXIC,34,PETAL DANCE,37,MOONLIGHT,42,ENERGY BALL,47,SLUDGE BOMB,50,SUNNY DAY,54,SOLARBEAM,57,SPORE,60,DARK PULSE,64,HAZE,,,,,,,,,,,,,,,,
89,CONCORPSIA,1,SCRATCH,7,POISONPOWDER,7,STUN SPORE,10,FURY ATTACK,15,SLASH,24,GROWTH,30,POISON JAB,35,X-SCISSOR,40,AROMATHERAPY,,,,,,,,,,,,,,,,,,,,,,,,,,,,,,,,,,
90,PARAS,1,SCRATCH,1,FURY ATTACK,7,POISONPOWDER,7,STUN SPORE,10,FURY ATTACK,15,SLASH,24,GROWTH,30,POISON JAB,35,X-SCISSOR,40,AROMATHERAPY,44,SPORE,,,,,,,,,,,,,,,,,,,,,,,,,,,,,,
91,PARASECT,1,SCRATCH,1,FURY ATTACK,7,POISONPOWDER,7,STUN SPORE,10,FURY ATTACK,15,SLASH,24,GROWTH,30,POISON JAB,35,X-SCISSOR,40,AROMATHERAPY,44,SPORE,48,ROCK SLIDE,52,SANDSTORM,58,EARTHQUAKE,,,,,,,,,,,,,,,,,,,,,,,,
92,SECTASITE,1,SCRATCH,1,FURY ATTACK,7,POISONPOWDER,7,STUN SPORE,10,FURY ATTACK,15,SLASH,24,GROWTH,30,POISON JAB,35,X-SCISSOR,40,AROMATHERAPY,44,SPORE,48,ROCK SLIDE,52,SANDSTORM,58,EARTHQUAKE,,,,,,,,,,,,,,,,,,,,,,,,
93,FUNGALITH,1,TACKLE,1,DISABLE,1,FORESIGHT,9,SUPERSONIC,17,CONFUSION,20,POISONPOWDER,25,BUG BUZZ,28,STUN SPORE,33,PSYBEAM,36,SLEEP POWDER,41,PSYCHIC,,,,,,,,,,,,,,,,,,,,,,,,,,,,,,
94,VENONAT,1,TACKLE,1,SUPERSONIC,1,DISABLE,1,FORESIGHT,1,SILVER WIND,9,SUPERSONIC,17,CONFUSION,20,POISONPOWDER,25,BUG BUZZ,28,STUN SPORE,33,PSYBEAM,36,SLEEP POWDER,41,PSYCHIC,47,MOONLIGHT,53,SIGNAL BEAM,,,,,,,,,,,,,,,,,,,,,,
95,VENOMOTH,1,TACKLE,1,SUPERSONIC,1,DISABLE,1,FORESIGHT,1,SILVER WIND,9,SUPERSONIC,17,CONFUSION,20,POISONPOWDER,25,BUG BUZZ,28,STUN SPORE,33,PSYBEAM,36,SLEEP POWDER,41,PSYCHIC,47,MOONLIGHT,53,SIGNAL BEAM,58,SHADOW BALL,,,,,,,,,,,,,,,,,,,,
96,VENOMENA,1,TACKLE,1,SUPERSONIC,1,DISABLE,1,FORESIGHT,1,SILVER WIND,9,SUPERSONIC,17,CONFUSION,20,POISONPOWDER,25,BUG BUZZ,28,STUN SPORE,33,PSYBEAM,36,SLEEP POWDER,41,PSYCHIC,47,MOONLIGHT,53,SIGNAL BEAM,58,SHADOW BALL,65,TAIL GLOW,,,,,,,,,,,,,,,,,,
97,VENOMENON,1,SCRATCH,1,SAND-ATTACK,5,GROWL,9,MAGNITUDE,17,DIG,21,FURY SWIPES,25,MUD-SLAP,33,SLASH,40,EARTHQUAKE,45,SANDSTORM,48,SANDSTORM,52,FISSURE,,,,,,,,,,,,,,,,,,,,,,,,,,,,
98,DIGLETT,1,SCRATCH,1,SAND-ATTACK,1,GROWL,1,TRI ATTACK,9,MAGNITUDE,17,DIG,21,FURY SWIPES,25,MUD-SLAP,26,SAND TOMB,35,SLASH,42,EARTHQUAKE,54,FISSURE,,,,,,,,,,,,,,,,,,,,,,,,,,,,
99,DUGTRIO,1,SCRATCH,1,SAND-ATTACK,1,GROWL,1,TRI ATTACK,9,MAGNITUDE,17,DIG,21,FURY SWIPES,25,MUD-SLAP,26,SAND TOMB,35,SLASH,42,EARTHQUAKE,54,FISSURE,,,,,,,,,,,,,,,,,,,,,,,,,,,,
100,DUGROUPLE,1,SCRATCH,1,SAND-ATTACK,1,GROWL,1,TRI ATTACK,9,MAGNITUDE,17,DIG,21,FURY SWIPES,25,MUD-SLAP,26,SAND TOMB,35,SLASH,42,EARTHQUAKE,54,FISSURE,58,SUBMISSION,64,OUTRAGE,,,,,,,,,,,,,,,,,,,,,,,,
101,UNEARTHLET,1,SCRATCH,1,SAND-ATTACK,1,GROWL,1,TRI ATTACK,9,MAGNITUDE,17,DIG,21,FURY SWIPES,25,MUD-SLAP,26,SAND TOMB,35,SLASH,42,EARTHQUAKE,54,FISSURE,58,SUBMISSION,60,CLOSE COMBAT,64,OUTRAGE,,,,,,,,,,,,,,,,,,,,,,
102,DIGLENOID,1,SCRATCH,1,GROWL,10,BITE,14,PAY DAY,19,FAINT ATTACK,25,FURY SWIPES,31,SLASH,36,CRUNCH,40,FAKE OUT,45,SWAGGER,,,,,,,,,,,,,,,,,,,,,,,,,,,,,,,,
103,MEOWTH,1,SCRATCH,1,BITE,1,GROWL,10,BITE,14,PAY DAY,19,FAINT ATTACK,25,FURY SWIPES,31,SLASH,36,CRUNCH,40,FAKE OUT,45,SWAGGER,,,,,,,,,,,,,,,,,,,,,,,,,,,,,,
104,PERSIAN,1,SCRATCH,1,BITE,1,GROWL,10,BITE,14,PAY DAY,19,FAINT ATTACK,25,FURY SWIPES,31,SLASH,36,CRUNCH,40,FAKE OUT,43,COUNTER,45,SWAGGER,51,PSYCHIC,,,,,,,,,,,,,,,,,,,,,,,,,,
105,FELANKH,1,SCRATCH,1,BITE,1,GROWL,10,BITE,14,PAY DAY,19,FAINT ATTACK,25,FURY SWIPES,31,SLASH,36,CRUNCH,40,FAKE OUT,43,COUNTER,45,SWAGGER,51,PSYCHIC,55,EARTHQUAKE,60,SECRET POWER,68,MIRROR COAT,,,,,,,,,,,,,,,,,,,,
106,PATRAPHINX,1,SCRATCH,1,WATER SPORT,5,TAIL WHIP,8,BUBBLE,11,DISABLE,16,CONFUSION,20,BUBBLEBEAM,25,SCREECH,31,PSYCH UP,33,FURY SWIPES,40,HYDRO PUMP,,,,,,,,,,,,,,,,,,,,,,,,,,,,,,
107,PSYDUCK,1,SCRATCH,1,BUBBLE,1,WATER SPORT,5,TAIL WHIP,8,BUBBLE,11,DISABLE,16,CONFUSION,20,BUBBLEBEAM,25,SCREECH,31,PSYCH UP,33,FURY SWIPES,40,HYDRO PUMP,,,,,,,,,,,,,,,,,,,,,,,,,,,,
108,GOLDUCK,1,SCRATCH,1,BUBBLE,1,WATER SPORT,5,TAIL WHIP,8,BUBBLE,11,DISABLE,16,CONFUSION,20,BUBBLEBEAM,25,SCREECH,31,PSYCH UP,33,FURY SWIPES,40,HYDRO PUMP,45,FEATHERDANCE,51,PSYCHIC,,,,,,,,,,,,,,,,,,,,,,,,
109,GILDUCK,1,SCRATCH,1,BUBBLE,1,WATER SPORT,5,TAIL WHIP,8,BUBBLE,11,DISABLE,16,CONFUSION,20,BUBBLEBEAM,25,SCREECH,31,PSYCH UP,33,FURY SWIPES,40,HYDRO PUMP,45,FEATHERDANCE,51,PSYCHIC,56,EARTHQUAKE,60,BELLY DRUM,65,COUNTER,,,,,,,,,,,,,,,,,,
110,PLATINUPUS,1,SCRATCH,1,LEER,6,LOW KICK,11,KARATE CHOP,16,FURY SWIPES,21,FOCUS ENERGY,26,SEISMIC TOSS,31,CROSS CHOP,36,SWAGGER,41,SCREECH,46,THRASH,,,,,,,,,,,,,,,,,,,,,,,,,,,,,,
111,MANKEY,1,SCRATCH,1,LEER,1,LOW KICK,1,RAGE,6,LOW KICK,11,KARATE CHOP,16,FURY SWIPES,21,FOCUS ENERGY,26,SEISMIC TOSS,28,RAGE,31,CROSS CHOP,36,SWAGGER,41,SCREECH,46,THRASH,,,,,,,,,,,,,,,,,,,,,,,,
112,PRIMEAPE,1,SCRATCH,1,LEER,1,LOW KICK,1,RAGE,6,LOW KICK,11,KARATE CHOP,16,FURY SWIPES,21,FOCUS ENERGY,26,SEISMIC TOSS,28,RAGE,31,CROSS CHOP,36,SWAGGER,41,SCREECH,46,THRASH,50,NEEDLE ARM,55,BULK UP,59,ICE PUNCH,64,SUPERPOWER,,,,,,,,,,,,,,,,
113,GORILLASH,1,SCRATCH,1,LEER,1,LOW KICK,1,RAGE,6,LOW KICK,11,KARATE CHOP,16,FURY SWIPES,21,FOCUS ENERGY,26,SEISMIC TOSS,28,RAGE,31,CROSS CHOP,36,SWAGGER,41,SCREECH,46,THRASH,50,NEEDLE ARM,52,IRON HEAD,55,BULK UP,59,ICE PUNCH,64,SUPERPOWER,,,,,,,,,,,,,,
114,BONUMBELL,1,BITE,1,ROAR,7,EMBER,13,LEER,19,ODOR SLEUTH,25,FLAME WHEEL,30,TAKE DOWN,31,HELPING HAND,37,AGILITY,40,BLAZE KICK,,,,,,,,,,,,,,,,,,,,,,,,,,,,,,,,
115,GROWLITHE,1,BITE,1,ROAR,7,EMBER,13,LEER,19,ODOR SLEUTH,25,FLAME WHEEL,30,TAKE DOWN,31,HELPING HAND,37,AGILITY,40,BLAZE KICK,45,EXTREMESPEED,49,SLASH,70,SACRED FIRE,,,,,,,,,,,,,,,,,,,,,,,,,,
116,ARCANINE,1,BITE,1,ROAR,7,EMBER,13,LEER,19,ODOR SLEUTH,25,FLAME WHEEL,30,TAKE DOWN,31,HELPING HAND,37,AGILITY,40,BLAZE KICK,45,EXTREMESPEED,49,SLASH,53,IRON TAIL,70,SACRED FIRE,,,,,,,,,,,,,,,,,,,,,,,,
117,SINGESHA,1,BITE,1,ROAR,7,EMBER,13,LEER,19,ODOR SLEUTH,25,FLAME WHEEL,30,TAKE DOWN,31,HELPING HAND,37,AGILITY,40,BLAZE KICK,45,EXTREMESPEED,49,SLASH,53,IRON TAIL,60,DRAGON CLAW,64,DRAGON DANCE,68,OUTRAGE,75,SACRED FIRE,,,,,,,,,,,,,,,,,,
118,GUARDIANCE,1,BUBBLE,7,HYPNOSIS,13,WATER GUN,19,DOUBLESLAP,23,RAIN DANCE,29,BODY SLAM,34,WATERFALL,38,BELLY DRUM,,,,,,,,,,,,,,,,,,,,,,,,,,,,,,,,,,,,
119,POLIWAG,1,HYPNOSIS,1,BUBBLE,7,HYPNOSIS,13,WATER GUN,19,DOUBLESLAP,23,RAIN DANCE,29,BODY SLAM,34,WATERFALL,38,BELLY DRUM,,,,,,,,,,,,,,,,,,,,,,,,,,,,,,,,,,
120,POLIWHIRL,1,HYPNOSIS,1,BUBBLE,7,HYPNOSIS,13,WATER GUN,19,DOUBLESLAP,23,RAIN DANCE,29,BODY SLAM,34,WATERFALL,36,SUBMISSION,42,BULK UP,47,ICE PUNCH,49,MEGA PUNCH,,,,,,,,,,,,,,,,,,,,,,,,,,,,
121,POLIWRATH,1,HYPNOSIS,1,BUBBLE,7,HYPNOSIS,13,WATER GUN,19,DOUBLESLAP,23,RAIN DANCE,29,BODY SLAM,34,WATERFALL,36,SUBMISSION,42,BULK UP,47,ICE PUNCH,49,MEGA PUNCH,,,,,,,,,,,,,,,,,,,,,,,,,,,,
122,POLITOES,1,HYPNOSIS,1,BUBBLE,7,HYPNOSIS,13,WATER GUN,19,DOUBLESLAP,23,RAIN DANCE,29,BODY SLAM,34,WATERFALL,36,SUBMISSION,42,BULK UP,47,ICE PUNCH,49,MEGA PUNCH,55,ZEN HEADBUTT,60,SUPERPOWER,,,,,,,,,,,,,,,,,,,,,,,,
123,POLIWISE,1,HYPNOSIS,1,BUBBLE,7,HYPNOSIS,13,WATER GUN,19,DOUBLESLAP,23,RAIN DANCE,29,BODY SLAM,34,WATERFALL,36,SUBMISSION,42,BULK UP,47,ICE PUNCH,49,MEGA PUNCH,55,ZEN HEADBUTT,60,SUPERPOWER,65,MEGA KICK,,,,,,,,,,,,,,,,,,,,,,
124,POLIATH,1,TELEPORT,,,,,,,,,,,,,,,,,,,,,,,,,,,,,,,,,,,,,,,,,,,,,,,,,,
125,ABRA,1,CONFUSION,1,TELEPORT,1,KINESIS,16,CONFUSION,18,DISABLE,21,PSYBEAM,23,REFLECT,25,RECOVER,30,FUTURE SIGHT,33,CALM MIND,36,PSYCHIC,40,TRICK,,,,,,,,,,,,,,,,,,,,,,,,,,,,
126,KADABRA,1,CONFUSION,1,TELEPORT,1,KINESIS,16,CONFUSION,18,DISABLE,21,PSYBEAM,23,REFLECT,25,RECOVER,30,FUTURE SIGHT,33,CALM MIND,36,PSYCHIC,40,TRICK,,,,,,,,,,,,,,,,,,,,,,,,,,,,
127,ALAKAZAM,1,CONFUSION,1,TELEPORT,1,KINESIS,16,CONFUSION,18,DISABLE,21,PSYBEAM,23,REFLECT,25,RECOVER,30,FUTURE SIGHT,33,CALM MIND,36,PSYCHIC,40,TRICK,44,SHADOW BALL,,,,,,,,,,,,,,,,,,,,,,,,,,
128,SIMSALABIM,1,CONFUSION,1,TELEPORT,1,KINESIS,16,CONFUSION,18,DISABLE,21,PSYBEAM,23,REFLECT,25,RECOVER,30,FUTURE SIGHT,33,CALM MIND,36,PSYCHIC,40,TRICK,42,FORESIGHT,44,SHADOW BALL,53,ENERGY BALL,55,POISONPOWDER,55,STUN SPORE,55,SLEEP POWDER,59,DARK PULSE,,,,,,,,,,,,,,
129,VOHOO-DU,1,CONFUSION,1,TELEPORT,1,KINESIS,16,CONFUSION,18,DISABLE,21,PSYBEAM,23,REFLECT,25,RECOVER,30,FUTURE SIGHT,33,CALM MIND,36,PSYCHIC,40,TRICK,42,FORESIGHT,44,SHADOW BALL,53,ENERGY BALL,55,POISONPOWDER,55,STUN SPORE,55,SLEEP POWDER,59,DARK PULSE,63,MUDDY WATER,68,HYPER BEAM,,,,,,,,,,
130,T'ZARKARTZ,1,LEER,1,LOW KICK,7,FOCUS ENERGY,13,KARATE CHOP,19,SEISMIC TOSS,22,FORESIGHT,25,REVENGE,31,VITAL THROW,37,SUBMISSION,40,CROSS CHOP,43,BULK UP,49,DYNAMICPUNCH,,,,,,,,,,,,,,,,,,,,,,,,,,,,
131,MACHOP,1,LEER,1,LOW KICK,7,FOCUS ENERGY,13,KARATE CHOP,19,SEISMIC TOSS,22,FORESIGHT,25,REVENGE,31,VITAL THROW,37,SUBMISSION,40,CROSS CHOP,43,BULK UP,49,DYNAMICPUNCH,,,,,,,,,,,,,,,,,,,,,,,,,,,,
132,MACHOKE,1,LEER,1,LOW KICK,7,FOCUS ENERGY,13,KARATE CHOP,19,SEISMIC TOSS,22,FORESIGHT,25,REVENGE,31,VITAL THROW,37,SUBMISSION,40,CROSS CHOP,43,BULK UP,49,DYNAMICPUNCH,,,,,,,,,,,,,,,,,,,,,,,,,,,,
133,MACHAMP,1,LEER,1,LOW KICK,7,FOCUS ENERGY,13,KARATE CHOP,19,SEISMIC TOSS,22,FORESIGHT,25,REVENGE,31,VITAL THROW,37,SUBMISSION,40,CROSS CHOP,43,BULK UP,49,DYNAMICPUNCH,52,CLOSE COMBAT,,,,,,,,,,,,,,,,,,,,,,,,,,
134,MACHULK,1,LEER,1,LOW KICK,7,FOCUS ENERGY,13,KARATE CHOP,19,SEISMIC TOSS,22,FORESIGHT,25,REVENGE,31,VITAL THROW,37,SUBMISSION,40,CROSS CHOP,43,BULK UP,49,DYNAMICPUNCH,52,CLOSE COMBAT,55,KNOCK OFF,58,EXTREMESPEED,63,IRON HEAD,,,,,,,,,,,,,,,,,,,,
135,ABOMACHULK,1,LEER,1,LOW KICK,7,FOCUS ENERGY,13,KARATE CHOP,19,SEISMIC TOSS,22,FORESIGHT,25,REVENGE,31,VITAL THROW,37,SUBMISSION,40,CROSS CHOP,43,BULK UP,49,DYNAMICPUNCH,52,CLOSE COMBAT,55,KNOCK OFF,58,EXTREMESPEED,63,IRON HEAD,,,,,,,,,,,,,,,,,,,,
136,MACHITAN,1,VINE WHIP,6,GROWTH,11,WRAP,15,POISONPOWDER,15,STUN SPORE,15,SLEEP POWDER,20,RAZOR LEAF,25,SWEET SCENT,30,SLUDGE BOMB,34,SLAM,39,TOXIC,44,PETAL DANCE,50,INGRAIN,60,FRENZY PLANT,,,,,,,,,,,,,,,,,,,,,,,,
137,BELLSPROUT,1,VINE WHIP,1,WRAP,1,GROWTH,6,GROWTH,11,WRAP,15,POISONPOWDER,15,STUN SPORE,15,SLEEP POWDER,20,RAZOR LEAF,25,SWEET SCENT,30,SLUDGE BOMB,34,SLAM,39,TOXIC,44,PETAL DANCE,50,INGRAIN,60,FRENZY PLANT,,,,,,,,,,,,,,,,,,,,
138,WEEPINBELL,1,VINE WHIP,1,WRAP,1,GROWTH,6,GROWTH,11,WRAP,15,POISONPOWDER,15,STUN SPORE,15,SLEEP POWDER,20,RAZOR LEAF,25,SWEET SCENT,30,SLUDGE BOMB,34,SLAM,39,TOXIC,44,PETAL DANCE,50,INGRAIN,60,FRENZY PLANT,,,,,,,,,,,,,,,,,,,,
139,VICTREEBEL,1,VINE WHIP,1,WRAP,1,GROWTH,6,GROWTH,11,WRAP,15,POISONPOWDER,15,STUN SPORE,15,SLEEP POWDER,20,RAZOR LEAF,25,SWEET SCENT,30,SLUDGE BOMB,34,SLAM,39,TOXIC,44,PETAL DANCE,50,INGRAIN,60,FRENZY PLANT,,,,,,,,,,,,,,,,,,,,
140,MUCKTRIBEL,1,VINE WHIP,1,WRAP,1,GROWTH,6,GROWTH,11,WRAP,15,POISONPOWDER,15,STUN SPORE,15,SLEEP POWDER,20,RAZOR LEAF,25,SWEET SCENT,30,SLUDGE BOMB,34,SLAM,39,TOXIC,44,PETAL DANCE,50,INGRAIN,60,FRENZY PLANT,,,,,,,,,,,,,,,,,,,,
141,CARNABELL,1,VINE WHIP,1,WRAP,1,GROWTH,6,GROWTH,11,WRAP,15,POISONPOWDER,15,STUN SPORE,15,SLEEP POWDER,20,RAZOR LEAF,25,SWEET SCENT,30,SLUDGE BOMB,34,SLAM,39,TOXIC,44,PETAL DANCE,50,INGRAIN,60,FRENZY PLANT,65,MEGAHORN,,,,,,,,,,,,,,,,,,
142,DEVLORA,1,POISON STING,6,SUPERSONIC,12,CONSTRICT,19,ACID,25,BUBBLEBEAM,30,WRAP,36,BARRIER,38,SLUDGE BOMB,45,HYDRO PUMP,,,,,,,,,,,,,,,,,,,,,,,,,,,,,,,,,,
143,TENTACOOL,1,POISON STING,1,SUPERSONIC,1,CONSTRICT,6,SUPERSONIC,12,CONSTRICT,19,ACID,25,BUBBLEBEAM,30,WRAP,38,BARRIER,47,SLUDGE BOMB,52,HYDRO PUMP,,,,,,,,,,,,,,,,,,,,,,,,,,,,,,
144,TENTACRUEL,1,POISON STING,1,SUPERSONIC,1,CONSTRICT,6,SUPERSONIC,12,CONSTRICT,19,ACID,25,BUBBLEBEAM,30,WRAP,38,BARRIER,47,SLUDGE BOMB,52,HYDRO PUMP,57,DRAGONBREATH,,,,,,,,,,,,,,,,,,,,,,,,,,,,
145,TENTACATE,1,POISON STING,1,SUPERSONIC,1,CONSTRICT,6,SUPERSONIC,12,CONSTRICT,19,ACID,25,BUBBLEBEAM,30,WRAP,38,BARRIER,47,SLUDGE BOMB,52,HYDRO PUMP,57,DRAGONBREATH,65,OUTRAGE,,,,,,,,,,,,,,,,,,,,,,,,,,
146,TENTABOMA,1,TACKLE,1,DEFENSE CURL,6,MUD SPORT,11,ROCK THROW,16,MAGNITUDE,21,SELFDESTRUCT,24,ROLLOUT,30,ROCK BLAST,36,EARTHQUAKE,40,ROCK SLIDE,44,EXPLOSION,48,DOUBLE-EDGE,,,,,,,,,,,,,,,,,,,,,,,,,,,,
147,GEODUDE,1,TACKLE,1,DEFENSE CURL,1,MUD SPORT,6,MUD SPORT,11,ROCK THROW,16,MAGNITUDE,21,SELFDESTRUCT,24,ROLLOUT,30,ROCK BLAST,36,EARTHQUAKE,40,ROCK SLIDE,44,EXPLOSION,48,DOUBLE-EDGE,,,,,,,,,,,,,,,,,,,,,,,,,,
148,GRAVELER,1,TACKLE,1,DEFENSE CURL,1,MUD SPORT,6,MUD SPORT,11,ROCK THROW,16,MAGNITUDE,21,SELFDESTRUCT,24,ROLLOUT,30,ROCK BLAST,36,EARTHQUAKE,40,ROCK SLIDE,44,EXPLOSION,48,DOUBLE-EDGE,,,,,,,,,,,,,,,,,,,,,,,,,,
149,GOLEM,1,TACKLE,1,DEFENSE CURL,1,MUD SPORT,6,MUD SPORT,11,ROCK THROW,16,MAGNITUDE,21,SELFDESTRUCT,24,ROLLOUT,30,ROCK BLAST,36,EARTHQUAKE,40,ROCK SLIDE,44,EXPLOSION,48,DOUBLE-EDGE,53,FIRE PUNCH,58,CURSE,,,,,,,,,,,,,,,,,,,,,,
150,SLAGOLEM,1,TACKLE,1,DEFENSE CURL,1,MUD SPORT,6,MUD SPORT,11,ROCK THROW,16,MAGNITUDE,21,SELFDESTRUCT,24,ROLLOUT,30,ROCK BLAST,36,EARTHQUAKE,40,ROCK SLIDE,44,EXPLOSION,48,DOUBLE-EDGE,53,FIRE PUNCH,58,CURSE,65,SACRED FIRE,,,,,,,,,,,,,,,,,,,,
151,MOLTREM,1,TACKLE,1,DEFENSE CURL,1,MUD SPORT,6,MUD SPORT,11,ROCK THROW,16,MAGNITUDE,21,SELFDESTRUCT,24,ROLLOUT,30,ROCK BLAST,36,EARTHQUAKE,40,ROCK SLIDE,44,EXPLOSION,48,DOUBLE-EDGE,53,FIRE PUNCH,58,CURSE,65,SACRED FIRE,70,ERUPTION,,,,,,,,,,,,,,,,,,
152,VOLCANICOL,1,GROWL,1,QUICK ATTACK,5,TAIL WHIP,9,EMBER,14,ROAR,19,FLAME WHEEL,25,STOMP,30,TAKE DOWN,34,AGILITY,39,BOUNCE,39,BOUNCE,43,BLAZE KICK,60,SACRED FIRE,,,,,,,,,,,,,,,,,,,,,,,,,,
153,PONYTA,1,GROWL,1,QUICK ATTACK,1,FLAME WHEEL,5,TAIL WHIP,9,EMBER,14,ROAR,19,FLAME WHEEL,25,STOMP,30,TAKE DOWN,34,AGILITY,39,BOUNCE,39,BOUNCE,43,BLAZE KICK,60,SACRED FIRE,,,,,,,,,,,,,,,,,,,,,,,,
154,RAPIDASH,1,GROWL,1,QUICK ATTACK,1,FLAME WHEEL,5,TAIL WHIP,9,EMBER,14,ROAR,19,FLAME WHEEL,25,STOMP,30,TAKE DOWN,34,AGILITY,39,BOUNCE,39,BOUNCE,43,BLAZE KICK,48,IRON HEAD,52,HI JUMP KICK,57,FACADE,65,SACRED FIRE,,,,,,,,,,,,,,,,,,
155,COMBUSTANG,1,GROWL,1,QUICK ATTACK,1,FLAME WHEEL,5,TAIL WHIP,9,EMBER,14,ROAR,19,FLAME WHEEL,25,STOMP,30,TAKE DOWN,34,AGILITY,39,BOUNCE,39,BOUNCE,43,BLAZE KICK,48,IRON HEAD,52,HI JUMP KICK,57,FACADE,61,SWORDS DANCE,65,SACRED FIRE,,,,,,,,,,,,,,,,
156,KNIGHTMARE,1,TACKLE,1,CURSE,1,YAWN,6,GROWL,13,WATER GUN,17,CONFUSION,21,DISABLE,24,BUBBLEBEAM,29,HEADBUTT,34,AMNESIA,39,PSYCHIC,42,PSYCH UP,,,,,,,,,,,,,,,,,,,,,,,,,,,,
157,SLOWPOKE,1,TACKLE,1,CURSE,1,YAWN,6,GROWL,13,WATER GUN,17,CONFUSION,21,DISABLE,24,BUBBLEBEAM,29,HEADBUTT,34,AMNESIA,39,PSYCHIC,42,PSYCH UP,52,HYDRO PUMP,,,,,,,,,,,,,,,,,,,,,,,,,,
158,SLOWBRO,1,TACKLE,1,CURSE,1,YAWN,6,GROWL,13,WATER GUN,17,CONFUSION,21,DISABLE,24,BUBBLEBEAM,29,HEADBUTT,34,AMNESIA,39,PSYCHIC,42,PSYCH UP,46,IRON DEFENSE,52,HYDRO PUMP,60,SHADOW BALL,,,,,,,,,,,,,,,,,,,,,,
159,SLOWMATE,1,TACKLE,1,CURSE,1,YAWN,6,GROWL,13,WATER GUN,17,CONFUSION,21,DISABLE,24,BUBBLEBEAM,29,HEADBUTT,34,AMNESIA,39,PSYCHIC,42,PSYCH UP,46,IRON DEFENSE,52,HYDRO PUMP,60,SHADOW BALL,65,BATON PASS,68,MEMENTO,,,,,,,,,,,,,,,,,,
160,SLOWCHUM,1,TACKLE,1,METAL SOUND,6,THUNDERSHOCK,11,SUPERSONIC,16,SONICBOOM,21,THUNDER WAVE,26,SHOCK WAVE,32,LOCK-ON,38,SWIFT,44,SCREECH,50,ZAP CANNON,,,,,,,,,,,,,,,,,,,,,,,,,,,,,,
161,MAGNEMITE,1,TACKLE,1,SUPERSONIC,1,THUNDERSHOCK,1,METAL SOUND,6,THUNDERSHOCK,11,SUPERSONIC,16,SONICBOOM,21,THUNDER WAVE,23,TRI ATTACK,26,SHOCK WAVE,32,LOCK-ON,38,SWIFT,44,SCREECH,50,ZAP CANNON,54,THUNDERBOLT,,,,,,,,,,,,,,,,,,,,,,
162,MAGNETON,1,TACKLE,1,SUPERSONIC,1,THUNDERSHOCK,1,METAL SOUND,6,THUNDERSHOCK,11,SUPERSONIC,16,SONICBOOM,21,THUNDER WAVE,23,TRI ATTACK,26,SHOCK WAVE,32,LOCK-ON,36,FLASH CANNON,38,SWIFT,44,SCREECH,50,ZAP CANNON,54,THUNDERBOLT,,,,,,,,,,,,,,,,,,,,
163,MAGNEZONE,1,TACKLE,1,SUPERSONIC,1,THUNDERSHOCK,1,METAL SOUND,6,THUNDERSHOCK,11,SUPERSONIC,16,SONICBOOM,21,THUNDER WAVE,23,TRI ATTACK,26,SHOCK WAVE,32,LOCK-ON,36,FLASH CANNON,38,SWIFT,44,SCREECH,50,ZAP CANNON,54,THUNDERBOLT,59,HYPER BEAM,65,OVERHEAT,69,THUNDER,,,,,,,,,,,,,,
164,MAGNEMELD,1,TACKLE,1,SUPERSONIC,1,THUNDERSHOCK,1,METAL SOUND,6,THUNDERSHOCK,11,SUPERSONIC,16,SONICBOOM,21,THUNDER WAVE,23,TRI ATTACK,26,SHOCK WAVE,32,LOCK-ON,36,FLASH CANNON,38,SWIFT,44,SCREECH,50,ZAP CANNON,54,THUNDERBOLT,59,HYPER BEAM,65,OVERHEAT,69,THUNDER,,,,,,,,,,,,,,
165,MAGNEMASTR,1,PECK,6,SAND-ATTACK,11,LEER,15,FURY ATTACK,20,KNOCK OFF,20,AERIAL ACE,26,FURY CUTTER,31,SWORDS DANCE,36,AGILITY,41,SLASH,46,FALSE SWIPE,,,,,,,,,,,,,,,,,,,,,,,,,,,,,,
166,FARFETCH'D,1,PECK,6,SAND-ATTACK,11,LEER,15,FURY ATTACK,20,KNOCK OFF,20,AERIAL ACE,26,FURY CUTTER,31,SWORDS DANCE,36,AGILITY,41,SLASH,46,FALSE SWIPE,,,,,,,,,,,,,,,,,,,,,,,,,,,,,,
167,FORFOWL'D,1,PECK,6,SAND-ATTACK,11,LEER,15,FURY ATTACK,20,KNOCK OFF,20,AERIAL ACE,26,FURY CUTTER,31,SWORDS DANCE,35,SHADOW BALL,36,AGILITY,41,SLASH,46,FALSE SWIPE,50,CURSE,55,PERISH SONG,59,BRAVE BIRD,,,,,,,,,,,,,,,,,,,,,,
168,FOWLN'TOM,1,GROWL,1,PECK,9,PURSUIT,13,FURY ATTACK,21,TRI ATTACK,25,TRIPLE KICK,33,UPROAR,37,DRILL PECK,40,AGILITY,44,BOUNCE,50,FAINT ATTACK,55,SKY UPPERCUT,,,,,,,,,,,,,,,,,,,,,,,,,,,,
169,DODUO,1,GROWL,1,PECK,9,PURSUIT,13,FURY ATTACK,21,TRI ATTACK,25,TRIPLE KICK,33,UPROAR,37,DRILL PECK,40,AGILITY,44,BOUNCE,50,FAINT ATTACK,55,SKY UPPERCUT,,,,,,,,,,,,,,,,,,,,,,,,,,,,
170,DODRIO,1,GROWL,1,PECK,9,PURSUIT,13,FURY ATTACK,21,TRI ATTACK,25,TRIPLE KICK,33,UPROAR,37,DRILL PECK,40,AGILITY,44,BOUNCE,50,FAINT ATTACK,55,SKY UPPERCUT,,,,,,,,,,,,,,,,,,,,,,,,,,,,
171,QUADODO,1,GROWL,1,PECK,1,DRAGON RAGE,9,PURSUIT,13,FURY ATTACK,21,TRI ATTACK,25,TRIPLE KICK,33,UPROAR,37,DRILL PECK,40,AGILITY,44,BOUNCE,50,FAINT ATTACK,55,SKY UPPERCUT,60,DRAGON CLAW,63,BRAVE BIRD,68,DRAGON DANCE,70,BLAZE KICK,,,,,,,,,,,,,,,,,,
172,DODOZEN,1,HEADBUTT,9,GROWL,17,ICY WIND,21,AURORA BEAM,25,WATER PULSE,29,REST,37,AURORA VEIL,41,ICE BEAM,49,SAFEGUARD,,,,,,,,,,,,,,,,,,,,,,,,,,,,,,,,,,
173,SEEL,1,HEADBUTT,1,HORN ATTACK,1,GROWL,1,AURORA BEAM,1,ICY WIND,1,SIGNAL BEAM,1,WATER PULSE,9,GROWL,17,ICY WIND,21,AURORA BEAM,25,WATER PULSE,27,ENCORE,29,SING,29,REST,34,SHEER COLD,40,RAIN DANCE,40,HAIL,40,MAGIC COAT,42,AURORA VEIL,51,ICE BEAM,52,CALM MIND,60,SUBSTITUTE,64,SAFEGUARD,65,HYDRO PUMP,,,,
174,DEWGONG,1,HEADBUTT,1,HORN ATTACK,1,GROWL,1,AURORA BEAM,1,ICY WIND,1,SIGNAL BEAM,1,WATER PULSE,9,GROWL,17,ICY WIND,21,AURORA BEAM,25,WATER PULSE,27,ENCORE,29,SING,29,REST,34,SHEER COLD,40,RAIN DANCE,40,HAIL,40,MAGIC COAT,42,AURORA VEIL,51,ICE BEAM,52,CALM MIND,60,SUBSTITUTE,64,SAFEGUARD,65,HYDRO PUMP,,,,
175,PRECIPED,1,HEADBUTT,1,HORN ATTACK,1,GROWL,1,AURORA BEAM,1,ICY WIND,1,SIGNAL BEAM,1,WATER PULSE,9,GROWL,17,ICY WIND,21,AURORA BEAM,25,WATER PULSE,27,ENCORE,29,SING,29,REST,34,SHEER COLD,40,RAIN DANCE,40,HAIL,40,MAGIC COAT,42,AURORA VEIL,51,ICE BEAM,52,CALM MIND,60,SUBSTITUTE,64,SAFEGUARD,65,HYDRO PUMP,,,,
176,MANATII,1,POUND,1,POISON GAS,4,HARDEN,8,DISABLE,13,SLUDGE,19,MINIMIZE,24,SCREECH,29,ACID ARMOR,33,SLUDGE BOMB,50,MEMENTO,,,,,,,,,,,,,,,,,,,,,,,,,,,,,,,,
177,GRIMER,1,POUND,1,HARDEN,1,POISON GAS,4,HARDEN,8,DISABLE,13,SLUDGE,19,MINIMIZE,24,SCREECH,29,ACID ARMOR,33,STOCKPILE,35,SLUDGE BOMB,39,PAIN SPLIT,50,MEMENTO,,,,,,,,,,,,,,,,,,,,,,,,,,
178,MUK,1,POUND,1,HARDEN,1,POISON GAS,4,HARDEN,8,DISABLE,13,SLUDGE,19,MINIMIZE,24,SCREECH,29,ACID ARMOR,33,STOCKPILE,35,SLUDGE BOMB,39,PAIN SPLIT,45,DARK PULSE,50,MEMENTO,54,TOXIC,60,EXTRASENSORY,65,FIRE BLAST,,,,,,,,,,,,,,,,,,
179,GUNK,1,POUND,1,HARDEN,1,POISON GAS,4,HARDEN,8,DISABLE,13,SLUDGE,19,MINIMIZE,24,SCREECH,29,ACID ARMOR,33,STOCKPILE,35,SLUDGE BOMB,39,PAIN SPLIT,45,DARK PULSE,50,MEMENTO,54,TOXIC,60,EXTRASENSORY,65,FIRE BLAST,,,,,,,,,,,,,,,,,,
180,SKUM,1,TACKLE,1,WITHDRAW,8,ICICLE SPEAR,15,SUPERSONIC,22,WATER PULSE,29,PROTECT,36,ICE FANG,40,WATERFALL,45,CLAMP,,,,,,,,,,,,,,,,,,,,,,,,,,,,,,,,,,
181,SHELLDER,1,TACKLE,1,WITHDRAW,8,ICICLE SPEAR,15,SUPERSONIC,22,WATER PULSE,29,PROTECT,36,ICE FANG,40,WATERFALL,43,SPIKE CANNON,48,CLAMP,53,SHEER COLD,59,CRUNCH,,,,,,,,,,,,,,,,,,,,,,,,,,,,
182,CLOYSTER,1,TACKLE,1,WITHDRAW,8,ICICLE SPEAR,15,SUPERSONIC,22,WATER PULSE,29,PROTECT,36,ICE FANG,40,WATERFALL,43,SPIKE CANNON,48,CLAMP,53,SHEER COLD,59,CRUNCH,65,IRON DEFENSE,68,EXPLOSION,,,,,,,,,,,,,,,,,,,,,,,,
183,AN'ENEMY,1,TACKLE,1,WITHDRAW,8,ICICLE SPEAR,15,SUPERSONIC,22,WATER PULSE,29,PROTECT,36,ICE FANG,40,WATERFALL,43,SPIKE CANNON,48,CLAMP,53,SHEER COLD,59,CRUNCH,65,IRON DEFENSE,68,EXPLOSION,,,,,,,,,,,,,,,,,,,,,,,,
184,GLAISHELL,1,HYPNOSIS,1,LICK,8,SPITE,13,CURSE,16,NIGHT SHADE,21,CONFUSE RAY,25,DREAM EATER,28,HYPNOSIS,30,DESTINY BOND,35,SHADOW BALL,41,NIGHTMARE,48,MEAN LOOK,,,,,,,,,,,,,,,,,,,,,,,,,,,,
185,GASTLY,1,HYPNOSIS,1,LICK,1,SPITE,8,SPITE,13,CURSE,16,NIGHT SHADE,21,CONFUSE RAY,25,DREAM EATER,28,HYPNOSIS,30,DESTINY BOND,32,SLUDGE,35,SHADOW BALL,41,NIGHTMARE,48,DARK PULSE,50,MEAN LOOK,55,GLARE,,,,,,,,,,,,,,,,,,,,
186,HAUNTER,1,HYPNOSIS,1,LICK,1,SPITE,8,SPITE,13,CURSE,16,NIGHT SHADE,21,CONFUSE RAY,25,DREAM EATER,28,HYPNOSIS,30,DESTINY BOND,32,SLUDGE,35,SHADOW BALL,41,NIGHTMARE,48,DARK PULSE,50,MEAN LOOK,55,GLARE,,,,,,,,,,,,,,,,,,,,
187,GENGAR,1,HYPNOSIS,1,LICK,1,SPITE,8,SPITE,13,CURSE,16,NIGHT SHADE,21,CONFUSE RAY,25,DREAM EATER,28,HYPNOSIS,30,DESTINY BOND,32,SLUDGE,35,SHADOW BALL,41,NIGHTMARE,48,DARK PULSE,50,MEAN LOOK,55,GLARE,61,PSYCHIC,,,,,,,,,,,,,,,,,,
188,GENGONE,1,HYPNOSIS,1,LICK,1,SPITE,8,SPITE,13,CURSE,16,NIGHT SHADE,21,CONFUSE RAY,25,DREAM EATER,28,HYPNOSIS,30,DESTINY BOND,32,SLUDGE,35,SHADOW BALL,41,NIGHTMARE,48,DARK PULSE,50,MEAN LOOK,55,GLARE,61,PSYCHIC,,,,,,,,,,,,,,,,,,
189,POLTERGAST,1,HYPNOSIS,1,LICK,1,SPITE,8,SPITE,13,CURSE,16,NIGHT SHADE,21,CONFUSE RAY,25,DREAM EATER,28,HYPNOSIS,30,DESTINY BOND,32,SLUDGE,35,SHADOW BALL,41,NIGHTMARE,48,DARK PULSE,50,MEAN LOOK,55,GLARE,61,PSYCHIC,66,TORMENT,70,CALM MIND,,,,,,,,,,,,,,
190,GRIMM,1,TACKLE,1,SCREECH,8,BIND,12,ROCK THROW,19,HARDEN,23,RAGE,28,ROCK SLIDE,34,SANDSTORM,38,SLAM,43,IRON TAIL,47,EARTHQUAKE,51,CRUNCH,56,DOUBLE-EDGE,,,,,,,,,,,,,,,,,,,,,,,,,,
191,ONIX,1,TACKLE,1,SCREECH,8,BIND,12,ROCK THROW,19,HARDEN,23,RAGE,28,ROCK SLIDE,30,IRON DEFENSE,34,SANDSTORM,38,SLAM,43,IRON TAIL,47,EARTHQUAKE,51,CRUNCH,56,DOUBLE-EDGE,,,,,,,,,,,,,,,,,,,,,,,,
192,STEELIX,1,TACKLE,1,SCREECH,8,BIND,12,ROCK THROW,19,HARDEN,23,RAGE,28,ROCK SLIDE,30,IRON DEFENSE,34,SANDSTORM,38,SLAM,43,IRON TAIL,47,EARTHQUAKE,51,CRUNCH,56,DOUBLE-EDGE,60,CURSE,65,EXPLOSION,,,,,,,,,,,,,,,,,,,,
193,PLATNIX,1,TACKLE,1,SCREECH,8,BIND,12,ROCK THROW,19,HARDEN,23,RAGE,28,ROCK SLIDE,30,IRON DEFENSE,34,SANDSTORM,38,SLAM,43,IRON TAIL,47,EARTHQUAKE,51,CRUNCH,56,DOUBLE-EDGE,60,CURSE,65,EXPLOSION,,,,,,,,,,,,,,,,,,,,
194,OBSIDIANIX,1,TACKLE,1,SCREECH,8,BIND,12,ROCK THROW,19,HARDEN,23,RAGE,28,ROCK SLIDE,30,IRON DEFENSE,34,SANDSTORM,38,SLAM,43,IRON TAIL,47,EARTHQUAKE,51,CRUNCH,56,DOUBLE-EDGE,60,CURSE,65,EXPLOSION,70,METAL BURST,75,OUTRAGE,,,,,,,,,,,,,,,,
195,STALAGMIX,1,POUND,1,HYPNOSIS,7,DISABLE,11,CONFUSION,17,SWIFT,21,POISON GAS,27,MEDITATE,31,PSYCHIC,37,PSYCH UP,41,SHADOW BALL,47,FUTURE SIGHT,,,,,,,,,,,,,,,,,,,,,,,,,,,,,,
196,DROWZEE,1,POUND,1,DISABLE,1,CONFUSION,1,HYPNOSIS,1,NIGHTMARE,7,DISABLE,7,MIND READER,11,CONFUSION,17,SWIFT,21,POISON GAS,29,MEDITATE,35,PSYCHIC,41,FOUL PLAY,43,PSYCH UP,49,SHADOW BALL,50,DETECT,55,MIRROR COAT,55,SKILL SWAP,57,FUTURE SIGHT,60,EXTRASENSORY,63,SPITE,,,,,,,,,,
197,HYPNO,1,POUND,1,DISABLE,1,CONFUSION,1,HYPNOSIS,1,NIGHTMARE,7,DISABLE,7,MIND READER,11,CONFUSION,17,SWIFT,21,POISON GAS,29,MEDITATE,35,PSYCHIC,41,FOUL PLAY,43,PSYCH UP,49,SHADOW BALL,50,DETECT,55,MIRROR COAT,55,SKILL SWAP,57,FUTURE SIGHT,60,EXTRASENSORY,63,SPITE,,,,,,,,,,
198,LULLOO,1,POUND,1,DISABLE,1,CONFUSION,1,HYPNOSIS,1,NIGHTMARE,7,DISABLE,7,MIND READER,11,CONFUSION,17,SWIFT,21,POISON GAS,29,MEDITATE,35,PSYCHIC,41,FOUL PLAY,43,PSYCH UP,49,SHADOW BALL,50,DETECT,55,MIRROR COAT,55,SKILL SWAP,57,FUTURE SIGHT,60,EXTRASENSORY,63,SPITE,,,,,,,,,,
199,SOMNISOOTH,1,BUBBLE,5,LEER,12,VICEGRIP,16,HARDEN,19,BUBBLEBEAM,23,MUD SHOT,27,STOMP,34,GUILLOTINE,38,PROTECT,45,CRABHAMMER,49,FLAIL,,,,,,,,,,,,,,,,,,,,,,,,,,,,,,
200,KRABBY,1,VICEGRIP,1,LEER,1,HARDEN,1,BUBBLE,1,METAL CLAW,5,LEER,12,VICEGRIP,16,HARDEN,19,BUBBLEBEAM,23,MUD SHOT,27,STOMP,30,GUILLOTINE,35,PROTECT,40,CRABHAMMER,50,FLAIL,,,,,,,,,,,,,,,,,,,,,,
201,KINGLER,1,VICEGRIP,1,LEER,1,HARDEN,1,BUBBLE,1,METAL CLAW,5,LEER,12,VICEGRIP,16,HARDEN,19,BUBBLEBEAM,23,MUD SHOT,27,STOMP,30,GUILLOTINE,35,PROTECT,40,CRABHAMMER,45,CRUSH CLAW,50,FLAIL,56,SWORDS DANCE,,,,,,,,,,,,,,,,,,
202,KRAKLAW,1,FIRE PUNCH,1,VICEGRIP,1,LEER,1,HARDEN,1,BUBBLE,1,METAL CLAW,5,LEER,12,VICEGRIP,16,HARDEN,19,BUBBLEBEAM,23,MUD SHOT,27,STOMP,30,GUILLOTINE,35,PROTECT,40,CRABHAMMER,45,CRUSH CLAW,50,FLAIL,56,SWORDS DANCE,60,FIRE BLAST,65,ERUPTION,70,EXPLOSION,,,,,,,,,,
203,TEKLAWNO,1,TACKLE,1,CHARGE,8,SCREECH,15,SONICBOOM,21,SHOCK WAVE,27,SELFDESTRUCT,32,ROLLOUT,37,LIGHT SCREEN,42,THUNDERBOLT,46,SWIFT,49,EXPLOSION,57,MIRROR COAT,,,,,,,,,,,,,,,,,,,,,,,,,,,,
204,VOLTORB,1,TACKLE,1,CHARGE,8,SCREECH,15,SONICBOOM,21,SHOCK WAVE,27,SELFDESTRUCT,32,ROLLOUT,37,LIGHT SCREEN,42,THUNDERBOLT,46,SWIFT,49,EXPLOSION,57,MIRROR COAT,,,,,,,,,,,,,,,,,,,,,,,,,,,,
205,ELECTRODE,1,TACKLE,1,CHARGE,8,SCREECH,15,SONICBOOM,21,SHOCK WAVE,27,SELFDESTRUCT,32,ROLLOUT,37,LIGHT SCREEN,42,THUNDERBOLT,46,SWIFT,49,EXPLOSION,53,HYPER VOICE,57,MIRROR COAT,60,OVERHEAT,,,,,,,,,,,,,,,,,,,,,,,,
206,ELECTRODES,1,TACKLE,1,CHARGE,8,SCREECH,15,SONICBOOM,21,SHOCK WAVE,27,SELFDESTRUCT,32,ROLLOUT,37,LIGHT SCREEN,42,THUNDERBOLT,46,SWIFT,49,EXPLOSION,53,HYPER VOICE,57,MIRROR COAT,,,,,,,,,,,,,,,,,,,,,,,,,,
207,ELECTRODEX,1,TACKLE,1,CHARGE,8,SCREECH,15,SONICBOOM,21,SHOCK WAVE,27,SELFDESTRUCT,32,ROLLOUT,37,LIGHT SCREEN,42,THUNDERBOLT,46,SWIFT,49,EXPLOSION,53,HYPER VOICE,57,MIRROR COAT,62,OVERHEAT,75,MIST BALL,,,,,,,,,,,,,,,,,,,,,,
208,ELECTRODEM,1,HYPNOSIS,1,BARRAGE,1,UPROAR,7,REFLECT,13,LEECH SEED,16,MEGA DRAIN,19,PSYWAVE,25,POISONPOWDER,25,STUN SPORE,25,SLEEP POWDER,30,PSYBEAM,38,GIGA DRAIN,42,SOLARBEAM,42,SUNNY DAY,,,,,,,,,,,,,,,,,,,,,,,,
209,EXEGGCUTE,1,HYPNOSIS,1,BARRAGE,1,UPROAR,7,REFLECT,13,LEECH SEED,16,MEGA DRAIN,19,PSYWAVE,25,POISONPOWDER,25,STUN SPORE,25,SLEEP POWDER,30,PSYBEAM,38,GIGA DRAIN,42,SOLARBEAM,42,SUNNY DAY,47,PSYCHIC,53,EARTH POWER,59,FRENZY PLANT,,,,,,,,,,,,,,,,,,
210,EXEGGUTOR,1,HYPNOSIS,1,BARRAGE,1,UPROAR,7,REFLECT,13,LEECH SEED,16,MEGA DRAIN,19,PSYWAVE,25,POISONPOWDER,25,STUN SPORE,25,SLEEP POWDER,30,PSYBEAM,38,GIGA DRAIN,42,SOLARBEAM,42,SUNNY DAY,47,PSYCHIC,53,EARTH POWER,59,FRENZY PLANT,,,,,,,,,,,,,,,,,,
211,EXEGGITY,1,HYPNOSIS,1,BARRAGE,1,UPROAR,7,REFLECT,13,LEECH SEED,16,MEGA DRAIN,19,PSYWAVE,25,POISONPOWDER,25,STUN SPORE,25,SLEEP POWDER,30,PSYBEAM,38,GIGA DRAIN,42,SOLARBEAM,42,SUNNY DAY,47,PSYCHIC,53,EARTH POWER,59,FRENZY PLANT,62,COUNTER,70,MEMENTO,,,,,,,,,,,,,,
212,EXEGGTRIC,1,GROWL,5,TAIL WHIP,9,BONE CLUB,13,HEADBUTT,17,LEER,21,FOCUS ENERGY,25,BONEMERANG,29,RAGE,33,FALSE SWIPE,37,THRASH,41,BONE RUSH,45,DOUBLE-EDGE,,,,,,,,,,,,,,,,,,,,,,,,,,,,
213,CUBONE,1,HEADBUTT,1,TAIL WHIP,1,GROWL,1,BONE CLUB,5,TAIL WHIP,9,BONE CLUB,13,HEADBUTT,17,LEER,21,FOCUS ENERGY,25,BONEMERANG,30,RAGE,32,FALSE SWIPE,39,THRASH,42,BONE RUSH,50,DOUBLE-EDGE,53,VITAL THROW,55,FRUSTRATION,,,,,,,,,,,,,,,,,,
214,MAROWAK,1,HEADBUTT,1,TAIL WHIP,1,GROWL,1,BONE CLUB,5,TAIL WHIP,9,BONE CLUB,13,HEADBUTT,17,LEER,21,FOCUS ENERGY,25,BONEMERANG,30,RAGE,32,FALSE SWIPE,39,THRASH,42,BONE RUSH,50,DOUBLE-EDGE,53,VITAL THROW,55,FRUSTRATION,58,BEAT UP,,,,,,,,,,,,,,,,
215,OSSELOBBER,1,HEADBUTT,1,TAIL WHIP,1,GROWL,1,BONE CLUB,5,TAIL WHIP,9,BONE CLUB,13,HEADBUTT,17,LEER,21,FOCUS ENERGY,25,BONEMERANG,30,RAGE,32,FALSE SWIPE,39,THRASH,42,BONE RUSH,50,DOUBLE-EDGE,53,VITAL THROW,54,SHADOW BONE,55,FRUSTRATION,58,BEAT UP,63,NIGHT SLASH,66,DESTINY BOND,66,GRUDGE,70,MEMENTO,,,,,,
216,WRAIWRATH,1,DOUBLE KICK,1,REVENGE,6,MEDITATE,11,ROLLING KICK,16,JUMP KICK,20,BRICK BREAK,21,FOCUS ENERGY,26,HI JUMP KICK,31,MIND READER,36,FORESIGHT,41,ENDURE,46,MEGA KICK,51,REVERSAL,54,BULK UP,,,,,,,,,,,,,,,,,,,,,,,,
217,HITMONLEE,1,DOUBLE KICK,1,REVENGE,6,MEDITATE,11,ROLLING KICK,16,JUMP KICK,20,BRICK BREAK,21,FOCUS ENERGY,26,HI JUMP KICK,31,MIND READER,36,FORESIGHT,38,ZEN HEADBUTT,41,ENDURE,46,MEGA KICK,51,REVERSAL,54,BULK UP,,,,,,,,,,,,,,,,,,,,,,
218,CLEEVOYANT,1,DOUBLE KICK,1,REVENGE,6,MEDITATE,11,ROLLING KICK,16,JUMP KICK,20,BRICK BREAK,21,FOCUS ENERGY,26,HI JUMP KICK,31,MIND READER,36,FORESIGHT,38,ZEN HEADBUTT,41,ENDURE,46,MEGA KICK,51,REVERSAL,54,BULK UP,58,EXTREMESPEED,63,BLAZE KICK,,,,,,,,,,,,,,,,,,
219,SPIRITULEE,1,COMET PUNCH,1,REVENGE,7,AGILITY,13,PURSUIT,20,MACH PUNCH,26,FIRE PUNCH,26,ICE PUNCH,26,THUNDERPUNCH,32,SKY UPPERCUT,38,SHADOW PUNCH,44,DETECT,45,COUNTER,,,,,,,,,,,,,,,,,,,,,,,,,,,,
220,HITMONCHAN,1,COMET PUNCH,1,REVENGE,7,AGILITY,13,PURSUIT,20,MACH PUNCH,26,FIRE PUNCH,26,ICE PUNCH,26,THUNDERPUNCH,32,SKY UPPERCUT,38,SHADOW PUNCH,40,MEDITATE,44,DETECT,45,COUNTER,49,FUTURE SIGHT,54,MEGA PUNCH,60,CLOSE COMBAT,65,COSMIC POWER,,,,,,,,,,,,,,,,,,
221,ENCHANCED,1,COMET PUNCH,1,REVENGE,7,AGILITY,13,PURSUIT,20,MACH PUNCH,26,FIRE PUNCH,26,ICE PUNCH,26,THUNDERPUNCH,32,SKY UPPERCUT,38,SHADOW PUNCH,40,MEDITATE,44,DETECT,45,COUNTER,49,FUTURE SIGHT,54,MEGA PUNCH,60,CLOSE COMBAT,65,COSMIC POWER,,,,,,,,,,,,,,,,,,
222,RADIACHAN,1,LICK,5,SUPERSONIC,9,DEFENSE CURL,13,KNOCK OFF,21,STOMP,23,WRAP,26,REFRESH,30,ROLLOUT,32,SLAM,,,,,,,,,,,,,,,,,,,,,,,,,,,,,,,,,,
223,LICKITUNG,1,LICK,5,SUPERSONIC,9,DEFENSE CURL,13,KNOCK OFF,21,STOMP,23,WRAP,26,REFRESH,30,ROLLOUT,32,SLAM,36,DISABLE,41,SCREECH,50,RETURN,,,,,,,,,,,,,,,,,,,,,,,,,,,,
224,LICKILICKY,1,LICK,1,SWEET SCENT,5,SUPERSONIC,9,DEFENSE CURL,13,KNOCK OFF,21,STOMP,23,WRAP,26,REFRESH,30,ROLLOUT,32,SLAM,36,DISABLE,41,SCREECH,46,AURORA BEAM,46,AURORA VEIL,50,RETURN,56,HAZE,60,STOCKPILE,60,SPIT UP,60,SWALLOW,62,ICE BEAM,65,BLIZZARD,,,,,,,,,,
225,LICKILOLLY,1,LICK,1,SWEET SCENT,5,SUPERSONIC,9,DEFENSE CURL,13,KNOCK OFF,21,STOMP,23,WRAP,26,REFRESH,30,ROLLOUT,32,SLAM,36,DISABLE,41,SCREECH,46,AURORA BEAM,46,AURORA VEIL,50,RETURN,56,HAZE,60,STOCKPILE,60,SPIT UP,60,SWALLOW,62,ICE BEAM,65,BLIZZARD,,,,,,,,,,
226,LICKILATO,1,TACKLE,1,POISON GAS,9,SMOG,17,SELFDESTRUCT,21,SLUDGE,25,SMOKESCREEN,33,HAZE,41,EXPLOSION,45,DESTINY BOND,49,MEMENTO,,,,,,,,,,,,,,,,,,,,,,,,,,,,,,,,
227,KOFFING,1,TACKLE,1,SELFDESTRUCT,1,SMOG,1,POISON GAS,9,SMOG,17,SELFDESTRUCT,21,SLUDGE,25,SMOKESCREEN,33,HAZE,44,EXPLOSION,51,DESTINY BOND,58,MEMENTO,,,,,,,,,,,,,,,,,,,,,,,,,,,,
228,WEEZING,1,TACKLE,1,SELFDESTRUCT,1,SMOG,1,POISON GAS,9,SMOG,17,SELFDESTRUCT,21,SLUDGE,25,SMOKESCREEN,30,HAZE,36,TRI ATTACK,44,EXPLOSION,46,SLUDGE BOMB,48,TRI ATTACK,51,DESTINY BOND,55,EXPLOSION,56,SHADOW BALL,58,MEMENTO,,,,,,,,,,,,,,,,,,
229,HEEVING,1,TACKLE,1,SELFDESTRUCT,1,SMOG,1,POISON GAS,9,SMOG,17,SELFDESTRUCT,21,SLUDGE,25,SMOKESCREEN,30,HAZE,36,TRI ATTACK,44,EXPLOSION,46,SLUDGE BOMB,48,TRI ATTACK,51,DESTINY BOND,55,EXPLOSION,56,SHADOW BALL,58,MEMENTO,61,TOXIC,64,RECOVER,,,,,,,,,,,,,,
230,CHOHKING,1,FURY ATTACK,10,STOMP,15,FURY ATTACK,20,METAL CLAW,24,SCARY FACE,29,ROCK BLAST,35,MAGNITUDE,38,HORN DRILL,42,ROCK SLIDE,46,TAKE DOWN,52,CRUSH CLAW,58,EARTHQUAKE,,,,,,,,,,,,,,,,,,,,,,,,,,,,
231,RHYHORN,1,STOMP,1,HORN ATTACK,1,FURY ATTACK,1,TAIL WHIP,10,STOMP,15,FURY ATTACK,20,METAL CLAW,24,SCARY FACE,29,ROCK BLAST,35,MAGNITUDE,38,HORN DRILL,42,ROCK SLIDE,46,TAKE DOWN,52,CRUSH CLAW,58,EARTHQUAKE,,,,,,,,,,,,,,,,,,,,,,
232,RHYDON,1,STOMP,1,HORN ATTACK,1,FURY ATTACK,1,TAIL WHIP,10,STOMP,15,FURY ATTACK,20,METAL CLAW,24,SCARY FACE,29,ROCK BLAST,35,MAGNITUDE,38,HORN DRILL,42,ROCK SLIDE,46,TAKE DOWN,52,CRUSH CLAW,58,EARTHQUAKE,,,,,,,,,,,,,,,,,,,,,,
233,RHYPERIOR,1,STOMP,1,HORN ATTACK,1,FURY ATTACK,1,TAIL WHIP,10,STOMP,15,FURY ATTACK,20,METAL CLAW,24,SCARY FACE,29,ROCK BLAST,35,MAGNITUDE,38,HORN DRILL,42,ROCK SLIDE,46,TAKE DOWN,52,CRUSH CLAW,58,EARTHQUAKE,,,,,,,,,,,,,,,,,,,,,,
234,RHYMARKABL,1,STOMP,1,HORN ATTACK,1,FURY ATTACK,1,TAIL WHIP,10,STOMP,15,FURY ATTACK,20,METAL CLAW,24,SCARY FACE,29,ROCK BLAST,35,MAGNITUDE,38,HORN DRILL,42,ROCK SLIDE,46,TAKE DOWN,52,CRUSH CLAW,58,EARTHQUAKE,60,CURSE,,,,,,,,,,,,,,,,,,,,
235,RHYLIC,1,STOMP,1,HORN ATTACK,1,FURY ATTACK,1,TAIL WHIP,10,STOMP,15,FURY ATTACK,20,METAL CLAW,24,SCARY FACE,29,ROCK BLAST,35,MAGNITUDE,38,HORN DRILL,42,ROCK SLIDE,46,TAKE DOWN,52,CRUSH CLAW,58,EARTHQUAKE,60,CURSE,62,MEGAHORN,66,IRON HEAD,70,DRAGON CLAW,,,,,,,,,,,,,,
236,RHYBORN,1,POUND,1,GROWL,5,TAIL WHIP,9,REFRESH,13,SOFTBOILED,17,DOUBLESLAP,23,MINIMIZE,29,SING,35,EGG BOMB,41,DEFENSE CURL,49,LIGHT SCREEN,54,DOUBLE-EDGE,,,,,,,,,,,,,,,,,,,,,,,,,,,,
237,CHANSEY,1,POUND,1,GROWL,5,TAIL WHIP,9,REFRESH,13,SOFTBOILED,17,DOUBLESLAP,23,MINIMIZE,29,SING,35,EGG BOMB,41,DEFENSE CURL,49,LIGHT SCREEN,54,DOUBLE-EDGE,,,,,,,,,,,,,,,,,,,,,,,,,,,,
238,BLISSEY,1,POUND,1,GROWL,5,TAIL WHIP,9,REFRESH,13,SOFTBOILED,17,DOUBLESLAP,23,MINIMIZE,29,SING,35,EGG BOMB,41,DEFENSE CURL,49,LIGHT SCREEN,54,DOUBLE-EDGE,58,RECOVER,,,,,,,,,,,,,,,,,,,,,,,,,,
239,GOGETTEY,1,POUND,1,GROWL,5,TAIL WHIP,9,REFRESH,13,SOFTBOILED,17,DOUBLESLAP,23,MINIMIZE,29,SING,35,EGG BOMB,41,DEFENSE CURL,49,LIGHT SCREEN,54,DOUBLE-EDGE,58,RECOVER,,,,,,,,,,,,,,,,,,,,,,,,,,
240,LUKKEY,1,POUND,1,GROWL,5,TAIL WHIP,9,REFRESH,13,SOFTBOILED,17,DOUBLESLAP,23,MINIMIZE,29,SING,35,EGG BOMB,41,DEFENSE CURL,49,LIGHT SCREEN,54,DOUBLE-EDGE,58,RECOVER,68,DRAGON PULSE,72,EXPLOSION,,,,,,,,,,,,,,,,,,,,,,
241,FORTUNITEY,1,CONSTRICT,1,INGRAIN,4,SLEEP POWDER,10,ABSORB,13,GROWTH,19,POISONPOWDER,22,VINE WHIP,28,BIND,31,MEGA DRAIN,37,STUN SPORE,40,SLAM,46,TICKLE,,,,,,,,,,,,,,,,,,,,,,,,,,,,
242,TANGELA,1,DEFENSE CURL,1,CONSTRICT,1,INGRAIN,4,SLEEP POWDER,10,ABSORB,13,GROWTH,19,POISONPOWDER,22,VINE WHIP,28,BIND,31,MEGA DRAIN,37,STUN SPORE,40,SLAM,46,TICKLE,68,SYNTHESIS,,,,,,,,,,,,,,,,,,,,,,,,
243,TANGROWTH,1,LOW KICK,1,QUICK ATTACK,1,DEFENSE CURL,1,CONSTRICT,1,INGRAIN,4,SLEEP POWDER,10,ABSORB,13,GROWTH,19,POISONPOWDER,22,VINE WHIP,28,BIND,31,MEGA DRAIN,37,STUN SPORE,40,SLAM,46,TICKLE,50,FIRE PUNCH,50,ICE PUNCH,50,THUNDERPUNCH,52,NEEDLE ARM,56,SEISMIC TOSS,60,DIZZY PUNCH,68,SYNTHESIS,75,REVENGE,,,,,,
244,TANGATHER,1,LOW KICK,1,QUICK ATTACK,1,DEFENSE CURL,1,CONSTRICT,1,INGRAIN,4,SLEEP POWDER,10,ABSORB,13,GROWTH,19,POISONPOWDER,22,VINE WHIP,28,BIND,31,MEGA DRAIN,37,STUN SPORE,40,SLAM,46,TICKLE,50,FIRE PUNCH,50,ICE PUNCH,50,THUNDERPUNCH,52,NEEDLE ARM,56,SEISMIC TOSS,60,DIZZY PUNCH,68,SYNTHESIS,75,REVENGE,,,,,,
245,TANGOLIATH,1,LOW KICK,1,QUICK ATTACK,1,DEFENSE CURL,1,CONSTRICT,1,INGRAIN,4,SLEEP POWDER,10,ABSORB,13,GROWTH,19,POISONPOWDER,22,VINE WHIP,28,BIND,31,MEGA DRAIN,37,STUN SPORE,40,SLAM,46,TICKLE,50,FIRE PUNCH,50,ICE PUNCH,50,THUNDERPUNCH,52,NEEDLE ARM,56,SEISMIC TOSS,60,DIZZY PUNCH,65,MACH PUNCH,68,SYNTHESIS,75,REVENGE,,,,
246,TANGRAPPLE,1,TACKLE,1,LEER,5,FAKE TEARS,9,COMET PUNCH,13,TAIL WHIP,16,BITE,25,DIZZY PUNCH,,,,,,,,,,,,,,,,,,,,,,,,,,,,,,,,,,,,,,
247,KANGAKID,1,COMET PUNCH,1,TACKLE,1,LEER,7,BITE,13,TAIL WHIP,19,FAKE OUT,25,MEGA PUNCH,31,RAGE,37,ENDURE,43,DIZZY PUNCH,49,REVERSAL,,,,,,,,,,,,,,,,,,,,,,,,,,,,,,
248,KANGASKHAN,1,COMET PUNCH,1,TACKLE,1,LEER,7,BITE,13,TAIL WHIP,19,FAKE OUT,25,MEGA PUNCH,31,RAGE,37,ENDURE,40,BONE CLUB,43,DIZZY PUNCH,49,REVERSAL,54,BRICK BREAK,56,BULK UP,60,EARTHQUAKE,66,NIGHT SLASH,70,SUPERPOWER,,,,,,,,,,,,,,,,,,
249,KANGALLOUS,1,COMET PUNCH,1,TACKLE,1,LEER,7,BITE,13,TAIL WHIP,19,FAKE OUT,25,MEGA PUNCH,31,RAGE,37,ENDURE,40,BONE CLUB,43,DIZZY PUNCH,49,REVERSAL,54,BRICK BREAK,56,BULK UP,60,EARTHQUAKE,66,NIGHT SLASH,70,SUPERPOWER,,,,,,,,,,,,,,,,,,
250,KANGARUTAL,1,BUBBLE,8,SMOKESCREEN,15,LEER,22,WATER GUN,29,TWISTER,36,AGILITY,43,HYDRO PUMP,50,DRAGON DANCE,,,,,,,,,,,,,,,,,,,,,,,,,,,,,,,,,,,,
251,HORSEA,1,LEER,1,WATER GUN,1,DRAGON RAGE,1,SMOKESCREEN,1,BUBBLE,1,WHIRLPOOL,8,SMOKESCREEN,15,LEER,22,WATER GUN,29,TWISTER,32,AGILITY,35,HYDRO PUMP,42,DRAGON DANCE,48,DRAGONBREATH,70,WATER SPOUT,,,,,,,,,,,,,,,,,,,,,,
252,SEADRA,1,LEER,1,WATER GUN,1,DRAGON RAGE,1,SMOKESCREEN,1,BUBBLE,1,WHIRLPOOL,8,SMOKESCREEN,15,LEER,22,WATER GUN,29,TWISTER,32,AGILITY,35,HYDRO PUMP,37,DRAGONBREATH,42,DRAGON DANCE,48,WATERFALL,50,DRAGON CLAW,70,WATER SPOUT,,,,,,,,,,,,,,,,,,
253,KINGDRA,1,LEER,1,WATER GUN,1,DRAGON RAGE,1,SMOKESCREEN,1,BUBBLE,1,WHIRLPOOL,8,SMOKESCREEN,15,LEER,22,WATER GUN,29,TWISTER,32,AGILITY,35,HYDRO PUMP,37,DRAGONBREATH,42,DRAGON DANCE,48,WATERFALL,50,DRAGON CLAW,70,WATER SPOUT,,,,,,,,,,,,,,,,,,
254,LORDRA,1,LEER,1,WATER GUN,1,DRAGON RAGE,1,SMOKESCREEN,1,BUBBLE,1,WHIRLPOOL,8,SMOKESCREEN,15,LEER,22,WATER GUN,29,TWISTER,32,AGILITY,35,HYDRO PUMP,37,DRAGONBREATH,42,DRAGON DANCE,48,WATERFALL,50,DRAGON CLAW,70,WATER SPOUT,,,,,,,,,,,,,,,,,,
255,PINNADRA,1,TAIL WHIP,1,PECK,1,WATER SPORT,10,SUPERSONIC,15,HORN ATTACK,24,FLAIL,29,FURY ATTACK,38,WATERFALL,43,HORN DRILL,52,AGILITY,57,MEGAHORN,,,,,,,,,,,,,,,,,,,,,,,,,,,,,,
256,GOLDEEN,1,TAIL WHIP,1,BITE,1,SUPERSONIC,1,PECK,1,WATER SPORT,10,SUPERSONIC,15,HORN ATTACK,24,FLAIL,29,FURY ATTACK,38,SLACK OFF,41,WATERFALL,49,HORN DRILL,55,ICE FANG,59,AGILITY,64,MEGAHORN,,,,,,,,,,,,,,,,,,,,,,
257,SEAKING,1,TAIL WHIP,1,BITE,1,SUPERSONIC,1,PECK,1,KNOCK OFF,1,FAKE TEARS,1,WATER SPORT,10,SUPERSONIC,15,HORN ATTACK,24,FLAIL,29,FURY ATTACK,38,SLACK OFF,41,WATERFALL,45,HORN DRILL,49,TAUNT,53,FLATTER,55,ICE FANG,59,AGILITY,64,MEGAHORN,68,REVENGE,,,,,,,,,,,,
258,SEAREX,1,TAIL WHIP,1,BITE,1,SUPERSONIC,1,PECK,1,KNOCK OFF,1,FAKE TEARS,1,WATER SPORT,10,SUPERSONIC,15,HORN ATTACK,24,FLAIL,29,FURY ATTACK,38,SLACK OFF,41,WATERFALL,45,HORN DRILL,49,TAUNT,53,FLATTER,55,ICE FANG,59,AGILITY,64,MEGAHORN,68,REVENGE,,,,,,,,,,,,
259,CAPRISEA,1,TACKLE,1,HARDEN,6,WATER GUN,10,RAPID SPIN,15,RECOVER,19,CAMOUFLAGE,23,SWIFT,26,BUBBLEBEAM,30,MINIMIZE,33,PSYBEAM,33,LIGHT SCREEN,42,COSMIC POWER,46,HYDRO PUMP,,,,,,,,,,,,,,,,,,,,,,,,,,
260,STARYU,1,TACKLE,1,HARDEN,6,WATER GUN,10,RAPID SPIN,15,RECOVER,19,CAMOUFLAGE,23,SWIFT,26,BUBBLEBEAM,30,MINIMIZE,33,PSYBEAM,33,LIGHT SCREEN,42,COSMIC POWER,46,HYDRO PUMP,50,PSYCHIC,,,,,,,,,,,,,,,,,,,,,,,,
261,STARMIE,1,TACKLE,1,HARDEN,6,WATER GUN,10,RAPID SPIN,15,RECOVER,19,CAMOUFLAGE,23,SWIFT,26,BUBBLEBEAM,30,MINIMIZE,33,PSYBEAM,33,LIGHT SCREEN,42,COSMIC POWER,46,HYDRO PUMP,50,PSYCHIC,56,TRI ATTACK,62,ICE BEAM,,,,,,,,,,,,,,,,,,,,
262,STARUS,1,TACKLE,1,HARDEN,6,WATER GUN,10,RAPID SPIN,15,RECOVER,19,CAMOUFLAGE,23,SWIFT,26,BUBBLEBEAM,30,MINIMIZE,33,PSYBEAM,33,LIGHT SCREEN,42,COSMIC POWER,46,HYDRO PUMP,50,PSYCHIC,56,TRI ATTACK,62,ICE BEAM,68,DESTINY BOND,,,,,,,,,,,,,,,,,,
263,STARWE,1,BARRIER,5,CONFUSION,8,SUBSTITUTE,12,MEDITATE,15,DOUBLESLAP,19,LIGHT SCREEN,19,REFLECT,22,MAGICAL LEAF,26,ENCORE,29,PSYBEAM,33,RECYCLE,36,TRICK,40,ROLE PLAY,43,PSYCHIC,47,BATON PASS,50,SAFEGUARD,,,,,,,,,,,,,,,,,,,,
264,MR. MIME,1,BARRIER,1,FAKE OUT,1,HELPING HAND,1,TICKLE,5,CONFUSION,8,SUBSTITUTE,12,MEDITATE,15,DOUBLESLAP,19,LIGHT SCREEN,19,REFLECT,22,MAGICAL LEAF,26,ENCORE,29,PSYBEAM,33,RECYCLE,36,TRICK,38,TAUNT,38,TEETER DANCE,40,ROLE PLAY,43,PSYCHIC,47,BATON PASS,50,SAFEGUARD,58,SKILL SWAP,60,SHADOW BALL,60,ICE BALL,60,WEATHER BALL,,
265,MR. JEST,1,BARRIER,1,FAKE OUT,1,HELPING HAND,1,TICKLE,5,CONFUSION,8,SUBSTITUTE,12,MEDITATE,15,DOUBLESLAP,19,LIGHT SCREEN,19,REFLECT,22,MAGICAL LEAF,26,ENCORE,29,PSYBEAM,33,RECYCLE,36,TRICK,38,TAUNT,38,TEETER DANCE,40,ROLE PLAY,43,PSYCHIC,47,BATON PASS,50,SAFEGUARD,58,SKILL SWAP,60,SHADOW BALL,60,ICE BALL,60,WEATHER BALL,70,MIMIC
266,MR. FOOL,1,LEER,1,QUICK ATTACK,6,FOCUS ENERGY,11,PURSUIT,16,FALSE SWIPE,21,AGILITY,26,WING ATTACK,31,SLASH,36,SWORDS DANCE,41,DOUBLE TEAM,44,X-SCISSOR,,,,,,,,,,,,,,,,,,,,,,,,,,,,,,
267,SCYTHER,1,LEER,1,QUICK ATTACK,6,FOCUS ENERGY,11,PURSUIT,16,FALSE SWIPE,21,AGILITY,26,METAL CLAW,31,SLASH,36,SWORDS DANCE,41,IRON DEFENSE,44,X-SCISSOR,49,IRON HEAD,54,SWORDS DANCE,59,LEAF BLADE,63,SWORDS DANCE,,,,,,,,,,,,,,,,,,,,,,
268,SCIZOR,1,LEER,1,QUICK ATTACK,6,FOCUS ENERGY,11,PURSUIT,16,FALSE SWIPE,21,AGILITY,26,METAL CLAW,31,SLASH,36,SWORDS DANCE,41,IRON DEFENSE,41,IRON DEFENSE,44,X-SCISSOR,49,IRON HEAD,54,SWORDS DANCE,59,LEAF BLADE,63,SWORDS DANCE,,,,,,,,,,,,,,,,,,,,
269,RAZER,1,LEER,1,QUICK ATTACK,6,FOCUS ENERGY,11,PURSUIT,16,FALSE SWIPE,21,AGILITY,26,METAL CLAW,31,SLASH,36,SWORDS DANCE,41,IRON DEFENSE,41,IRON DEFENSE,44,X-SCISSOR,49,IRON HEAD,54,SWORDS DANCE,59,LEAF BLADE,63,SWORDS DANCE,70,CLOSE COMBAT,,,,,,,,,,,,,,,,,,
270,CLAYMOR,1,POUND,1,LICK,1,AMNESIA,1,LOVELY KISS,1,POWDER SNOW,9,LOVELY KISS,13,POWDER SNOW,21,DOUBLESLAP,25,AURORA BEAM,30,HAIL,35,MEAN LOOK,41,FAKE TEARS,45,NIGHT SHADE,51,BODY SLAM,57,PSYCHIC,60,HAZE,67,BLIZZARD,73,PERISH SONG,,,,,,,,,,,,,,,,
271,JYNX,1,POUND,1,LICK,1,AMNESIA,1,LOVELY KISS,1,POWDER SNOW,9,LOVELY KISS,13,POWDER SNOW,21,DOUBLESLAP,25,AURORA BEAM,30,HAIL,35,MEAN LOOK,41,FAKE TEARS,45,NIGHT SHADE,51,BODY SLAM,57,PSYCHIC,60,HAZE,67,BLIZZARD,73,PERISH SONG,,,,,,,,,,,,,,,,
272,JYNKIES,1,POUND,1,LICK,1,AMNESIA,1,LOVELY KISS,1,POWDER SNOW,9,LOVELY KISS,13,POWDER SNOW,21,DOUBLESLAP,25,AURORA BEAM,30,HAIL,35,MEAN LOOK,41,FAKE TEARS,45,NIGHT SHADE,51,BODY SLAM,57,PSYCHIC,60,HAZE,67,BLIZZARD,73,PERISH SONG,,,,,,,,,,,,,,,,
273,JEEPERS,1,THUNDERPUNCH,1,LEER,1,QUICK ATTACK,9,THUNDERPUNCH,17,LIGHT SCREEN,20,CHARGE,25,SWIFT,31,SCREECH,36,THUNDERBOLT,41,BRICK BREAK,55,THUNDER,,,,,,,,,,,,,,,,,,,,,,,,,,,,,,
274,ELECTABUZZ,1,THUNDERPUNCH,1,LEER,1,QUICK ATTACK,9,THUNDERPUNCH,17,LIGHT SCREEN,20,CHARGE,25,SWIFT,31,SCREECH,36,THUNDERBOLT,41,BRICK BREAK,55,THUNDER,,,,,,,,,,,,,,,,,,,,,,,,,,,,,,
275,ELECTIVIRE,1,THUNDERPUNCH,1,LEER,1,QUICK ATTACK,9,THUNDERPUNCH,17,LIGHT SCREEN,20,CHARGE,25,SWIFT,31,SCREECH,36,THUNDERBOLT,41,BRICK BREAK,48,WOOD HAMMER,55,THUNDER,59,FRENZY PLANT,65,EARTHQUAKE,,,,,,,,,,,,,,,,,,,,,,,,
276,ELECTIVINE,1,THUNDERPUNCH,1,LEER,1,QUICK ATTACK,9,THUNDERPUNCH,17,LIGHT SCREEN,20,CHARGE,25,SWIFT,31,SCREECH,36,THUNDERBOLT,41,BRICK BREAK,48,WOOD HAMMER,55,THUNDER,59,FRENZY PLANT,65,EARTHQUAKE,70,MIRROR COAT,,,,,,,,,,,,,,,,,,,,,,
277,ELECTIWIZZ,1,FIRE PUNCH,1,LEER,1,EMBER,1,SMOG,7,LEER,13,SMOG,19,FIRE PUNCH,25,SMOKESCREEN,33,SUNNY DAY,41,FLAMETHROWER,49,CONFUSE RAY,57,FIRE BLAST,,,,,,,,,,,,,,,,,,,,,,,,,,,,
278,MAGMAR,1,FIRE PUNCH,1,LEER,1,EMBER,1,SMOG,1,CURSE,7,LEER,13,SMOG,19,FIRE PUNCH,25,SMOKESCREEN,30,SUNNY DAY,33,FLAMETHROWER,35,FOUL PLAY,40,CONFUSE RAY,57,FIRE BLAST,70,ERUPTION,,,,,,,,,,,,,,,,,,,,,,
279,MAGMORTAR,1,FIRE PUNCH,1,LEER,1,EMBER,1,SMOG,1,CURSE,1,DESTINY BOND,7,LEER,13,SMOG,19,FIRE PUNCH,25,SMOKESCREEN,30,SUNNY DAY,33,FLAMETHROWER,35,FOUL PLAY,40,CONFUSE RAY,48,FLASH CANNON,57,FIRE BLAST,70,ERUPTION,,,,,,,,,,,,,,,,,,
280,MAGMORE,1,FIRE PUNCH,1,LEER,1,EMBER,1,SMOG,1,CURSE,1,DESTINY BOND,1,LOCK-ON,1,PURSUIT,7,LEER,13,SMOG,19,FIRE PUNCH,25,SMOKESCREEN,30,SUNNY DAY,33,FLAMETHROWER,35,FOUL PLAY,40,CONFUSE RAY,48,FLASH CANNON,57,FIRE BLAST,65,HYPER BEAM,70,ERUPTION,,,,,,,,,,,,
281,MAGMOLTEN,1,VICEGRIP,1,FOCUS ENERGY,7,BIND,13,SEISMIC TOSS,19,HARDEN,25,REVENGE,31,BRICK BREAK,37,GUILLOTINE,43,SUBMISSION,49,SWORDS DANCE,,,,,,,,,,,,,,,,,,,,,,,,,,,,,,,,
282,PINSIR,1,VICEGRIP,1,FOCUS ENERGY,7,BIND,13,SEISMIC TOSS,19,HARDEN,25,REVENGE,31,BRICK BREAK,37,GUILLOTINE,40,KNOCK OFF,43,METAL CLAW,45,SUBMISSION,49,SWORDS DANCE,51,BEAT UP,58,CRUSH CLAW,60,CRUNCH,62,BULK UP,64,X-SCISSOR,,,,,,,,,,,,,,,,,,
283,PINSIRIOR,1,VICEGRIP,1,FOCUS ENERGY,7,BIND,13,SEISMIC TOSS,19,HARDEN,25,REVENGE,31,BRICK BREAK,37,GUILLOTINE,40,KNOCK OFF,43,METAL CLAW,45,SUBMISSION,49,SWORDS DANCE,51,BEAT UP,58,CRUSH CLAW,60,CRUNCH,62,BULK UP,64,X-SCISSOR,,,,,,,,,,,,,,,,,,
284,ABYSSIR,1,TACKLE,1,TAIL WHIP,4,RAGE,8,HORN ATTACK,13,SCARY FACE,19,TAKE DOWN,23,PURSUIT,26,SWAGGER,30,HEADBUTT,34,THRASH,40,REST,46,ZEN HEADBUTT,54,DOUBLE TEAM,,,,,,,,,,,,,,,,,,,,,,,,,,
285,TAUROS,1,TACKLE,1,TAIL WHIP,4,RAGE,8,HORN ATTACK,13,SCARY FACE,19,TAKE DOWN,23,PURSUIT,26,SWAGGER,30,HEADBUTT,34,THRASH,40,REST,46,ZEN HEADBUTT,54,DOUBLE TEAM,,,,,,,,,,,,,,,,,,,,,,,,,,
286,TAUROX,1,TACKLE,1,TAIL WHIP,4,RAGE,8,HORN ATTACK,13,SCARY FACE,19,TAKE DOWN,23,PURSUIT,26,SWAGGER,30,HEADBUTT,34,THRASH,40,REST,46,ZEN HEADBUTT,54,DOUBLE TEAM,58,PHANTOMFORCE,62,SKULL BASH,65,MEGAHORN,,,,,,,,,,,,,,,,,,,,
287,OXENFREE,1,SPLASH,15,TACKLE,30,FLAIL,,,,,,,,,,,,,,,,,,,,,,,,,,,,,,,,,,,,,,,,,,,,,,
288,MAGIKARP,1,THRASH,20,BITE,23,WATER PULSE,26,DRAGON RAGE,29,LEER,33,TWISTER,38,HYDRO PUMP,44,AIR SLASH,48,RAIN DANCE,52,DRAGON DANCE,55,HYPER BEAM,,,,,,,,,,,,,,,,,,,,,,,,,,,,,,
289,GYARADOS,1,THRASH,20,BITE,23,WATER PULSE,26,DRAGON RAGE,29,LEER,33,TWISTER,38,HYDRO PUMP,44,AIR SLASH,48,RAIN DANCE,52,DRAGON DANCE,55,HYPER BEAM,60,DRAGON PULSE,,,,,,,,,,,,,,,,,,,,,,,,,,,,
290,HYDRADOS,1,THRASH,20,BITE,23,WATER PULSE,26,DRAGON RAGE,29,LEER,33,TWISTER,38,HYDRO PUMP,44,AIR SLASH,48,RAIN DANCE,52,DRAGON DANCE,55,HYPER BEAM,60,DRAGON PULSE,66,EXTRASENSORY,,,,,,,,,,,,,,,,,,,,,,,,,,
291,DRACOSMIC,1,THRASH,20,BITE,23,WATER PULSE,26,DRAGON RAGE,29,LEER,33,TWISTER,38,HYDRO PUMP,44,AIR SLASH,48,RAIN DANCE,52,DRAGON DANCE,55,HYPER BEAM,60,DRAGON PULSE,66,EXTRASENSORY,75,WISH,80,COSMIC POWER,,,,,,,,,,,,,,,,,,,,,,
292,QUAZAR,1,GROWL,1,SING,1,WATER GUN,7,MIST,13,BODY SLAM,19,CONFUSE RAY,25,PERISH SONG,31,ICE BEAM,37,RAIN DANCE,40,AURORA BEAM,43,SAFEGUARD,49,SURF,55,SHEER COLD,58,HYDRO PUMP,62,UPROAR,65,MOONLIGHT,72,HYPER VOICE,,,,,,,,,,,,,,,,,,
293,LAPRAS,1,GROWL,1,SING,1,WATER GUN,7,MIST,13,BODY SLAM,19,CONFUSE RAY,25,PERISH SONG,31,ICE BEAM,37,RAIN DANCE,40,AURORA BEAM,43,SAFEGUARD,49,SURF,55,SHEER COLD,58,HYDRO PUMP,62,UPROAR,65,MOONLIGHT,72,HYPER VOICE,,,,,,,,,,,,,,,,,,
294,LOCHLASS,1,GROWL,1,SING,1,WATER GUN,7,MIST,13,BODY SLAM,19,CONFUSE RAY,25,PERISH SONG,31,ICE BEAM,37,RAIN DANCE,40,AURORA BEAM,43,SAFEGUARD,49,SURF,55,SHEER COLD,58,HYDRO PUMP,62,UPROAR,65,MOONLIGHT,72,HYPER VOICE,,,,,,,,,,,,,,,,,,
295,NESSEA,1,TRANSFORM,,,,,,,,,,,,,,,,,,,,,,,,,,,,,,,,,,,,,,,,,,,,,,,,,,
296,DITTO,1,TRANSFORM,,,,,,,,,,,,,,,,,,,,,,,,,,,,,,,,,,,,,,,,,,,,,,,,,,
297,MORPHO,1,TRANSFORM,,,,,,,,,,,,,,,,,,,,,,,,,,,,,,,,,,,,,,,,,,,,,,,,,,
298,METAMORPHO,1,TACKLE,1,TAIL WHIP,1,HELPING HAND,8,SAND-ATTACK,16,GROWL,23,QUICK ATTACK,30,BITE,36,BATON PASS,42,TAKE DOWN,,,,,,,,,,,,,,,,,,,,,,,,,,,,,,,,,,
299,EEVEE,1,TACKLE,1,TAIL WHIP,1,BATON PASS,1,RAIN DANCE,1,HELPING HAND,8,SAND-ATTACK,16,WATER GUN,23,QUICK ATTACK,30,BITE,36,AURORA BEAM,42,HAZE,47,ACID ARMOR,52,HYDRO PUMP,,,,,,,,,,,,,,,,,,,,,,,,,,
300,VAPOREON,1,TACKLE,1,TAIL WHIP,1,BATON PASS,1,RAIN DANCE,1,HELPING HAND,8,SAND-ATTACK,16,WATER GUN,23,QUICK ATTACK,30,BITE,36,AURORA BEAM,42,HAZE,47,ACID ARMOR,52,HYDRO PUMP,,,,,,,,,,,,,,,,,,,,,,,,,,
301,RIVEON,1,TACKLE,1,TAIL WHIP,1,BATON PASS,1,RAIN DANCE,1,HELPING HAND,8,SAND-ATTACK,16,WATER GUN,23,QUICK ATTACK,30,BITE,36,AURORA BEAM,42,HAZE,47,ACID ARMOR,52,HYDRO PUMP,55,WATERFALL,65,TRI ATTACK,,,,,,,,,,,,,,,,,,,,,,
302,BRINEON,1,TACKLE,1,TAIL WHIP,1,AGILITY,1,BATON PASS,1,HELPING HAND,8,SAND-ATTACK,16,THUNDERSHOCK,23,QUICK ATTACK,30,DOUBLE KICK,36,PIN MISSILE,42,THUNDER WAVE,47,AGILITY,52,THUNDER,,,,,,,,,,,,,,,,,,,,,,,,,,
303,JOLTEON,1,TACKLE,1,TAIL WHIP,1,AGILITY,1,BATON PASS,1,HELPING HAND,8,SAND-ATTACK,16,THUNDERSHOCK,23,QUICK ATTACK,30,DOUBLE KICK,36,PIN MISSILE,42,THUNDER WAVE,47,AGILITY,52,THUNDER,,,,,,,,,,,,,,,,,,,,,,,,,,
304,PLASMEON,1,TACKLE,1,TAIL WHIP,1,AGILITY,1,BATON PASS,1,HELPING HAND,8,SAND-ATTACK,16,THUNDERSHOCK,23,QUICK ATTACK,30,DOUBLE KICK,36,PIN MISSILE,42,THUNDER WAVE,47,AGILITY,52,THUNDER,55,EXTREMESPEED,65,TRI ATTACK,,,,,,,,,,,,,,,,,,,,,,
305,GALVEON,1,TACKLE,1,TAIL WHIP,1,SMOKESCREEN,1,BATON PASS,1,HELPING HAND,8,SAND-ATTACK,16,EMBER,23,QUICK ATTACK,30,BITE,36,FIRE SPIN,42,SMOG,47,LEER,52,FLAMETHROWER,,,,,,,,,,,,,,,,,,,,,,,,,,
306,FLAREON,1,TACKLE,1,TAIL WHIP,1,SMOKESCREEN,1,BATON PASS,1,HELPING HAND,8,SAND-ATTACK,16,EMBER,23,QUICK ATTACK,30,BITE,36,FIRE SPIN,42,SMOG,47,LEER,52,FLAMETHROWER,,,,,,,,,,,,,,,,,,,,,,,,,,
307,SMOLDEON,1,TACKLE,1,TAIL WHIP,1,SMOKESCREEN,1,BATON PASS,1,HELPING HAND,8,SAND-ATTACK,16,EMBER,23,QUICK ATTACK,30,BITE,36,FIRE SPIN,42,SMOG,47,LEER,52,FLAMETHROWER,55,SHADOW BALL,65,TRI ATTACK,,,,,,,,,,,,,,,,,,,,,,
308,INFERNEON,1,TACKLE,1,CONVERSION,1,CONVERSION 2,9,AGILITY,12,PSYBEAM,20,RECOVER,24,SHARPEN,32,LOCK-ON,36,TRI ATTACK,44,RECYCLE,48,ZAP CANNON,52,PSYCHIC,,,,,,,,,,,,,,,,,,,,,,,,,,,,
309,PORYGON,1,TACKLE,1,CONVERSION,1,CONVERSION 2,9,AGILITY,12,PSYBEAM,20,RECOVER,24,SHARPEN,32,LOCK-ON,36,TRI ATTACK,44,RECYCLE,48,ZAP CANNON,52,PSYCHIC,,,,,,,,,,,,,,,,,,,,,,,,,,,,
310,PORYGON2,1,TACKLE,1,CONVERSION,1,CONVERSION 2,9,AGILITY,12,PSYBEAM,20,RECOVER,24,SHARPEN,32,LOCK-ON,36,TRI ATTACK,44,RECYCLE,48,ZAP CANNON,52,PSYCHIC,,,,,,,,,,,,,,,,,,,,,,,,,,,,
311,PORYGON-Z,1,TACKLE,1,CONVERSION,1,CONVERSION 2,9,AGILITY,12,PSYBEAM,20,RECOVER,24,SHARPEN,32,LOCK-ON,36,TRI ATTACK,44,RECYCLE,48,ZAP CANNON,52,PSYCHIC,,,,,,,,,,,,,,,,,,,,,,,,,,,,
312,PORYGON-X,1,TACKLE,1,CONVERSION,1,CONVERSION 2,9,AGILITY,12,PSYBEAM,20,RECOVER,24,SHARPEN,32,LOCK-ON,36,TRI ATTACK,44,RECYCLE,48,ZAP CANNON,52,PSYCHIC,56,FLASH CANNON,62,SELFDESTRUCT,67,HYPER BEAM,,,,,,,,,,,,,,,,,,,,,,
313,PORYGON-Q,1,TACKLE,1,CONVERSION,1,CONVERSION 2,9,AGILITY,12,PSYBEAM,20,RECOVER,24,SHARPEN,32,LOCK-ON,36,TRI ATTACK,44,RECYCLE,48,ZAP CANNON,52,PSYCHIC,56,FLASH CANNON,62,SELFDESTRUCT,67,HYPER BEAM,,,,,,,,,,,,,,,,,,,,,,
314,PORYGON2A4,1,WITHDRAW,1,CONSTRICT,13,BITE,19,WATER GUN,25,MUD SHOT,31,LEER,37,PROTECT,43,TICKLE,49,ANCIENTPOWER,55,HYDRO PUMP,,,,,,,,,,,,,,,,,,,,,,,,,,,,,,,,
315,OMANYTE,1,BITE,1,WATER GUN,1,WITHDRAW,1,CONSTRICT,13,BITE,19,WATER GUN,25,MUD SHOT,31,LEER,37,PROTECT,40,SPIKE CANNON,46,TICKLE,55,ANCIENTPOWER,65,HYDRO PUMP,,,,,,,,,,,,,,,,,,,,,,,,,,
316,OMASTAR,1,BITE,1,WATER GUN,1,WITHDRAW,1,LIGHT SCREEN,1,CONSTRICT,1,AMNESIA,13,BITE,19,WATER GUN,25,MUD SHOT,31,LEER,37,PROTECT,40,SPIKE CANNON,46,TICKLE,55,ANCIENTPOWER,62,COSMIC POWER,65,HYDRO PUMP,,,,,,,,,,,,,,,,,,,,
317,OMAPAL,1,BITE,1,WATER GUN,1,WITHDRAW,1,LIGHT SCREEN,1,CONSTRICT,1,AMNESIA,13,BITE,19,WATER GUN,25,MUD SHOT,31,LEER,37,PROTECT,40,SPIKE CANNON,46,TICKLE,55,ANCIENTPOWER,60,PSYCHIC,62,COSMIC POWER,65,HYDRO PUMP,70,FUTURE SIGHT,,,,,,,,,,,,,,,,
318,OMAGUS,1,SCRATCH,1,HARDEN,13,ROCK THROW,19,CLAMP,25,LEER,31,WATERFALL,37,ROCK SLIDE,43,ENDURE,49,METAL SOUND,53,MAGNITUDE,56,ANCIENTPOWER,60,POISON JAB,,,,,,,,,,,,,,,,,,,,,,,,,,,,
319,KABUTO,1,SCRATCH,1,HARDEN,13,ROCK THROW,19,CLAMP,25,LEER,31,WATERFALL,37,ROCK SLIDE,43,ENDURE,49,METAL SOUND,53,MAGNITUDE,56,ANCIENTPOWER,60,POISON JAB,,,,,,,,,,,,,,,,,,,,,,,,,,,,
320,KABUTOPS,1,SCRATCH,1,HARDEN,13,ROCK THROW,19,CLAMP,25,LEER,31,WATERFALL,37,ROCK SLIDE,43,ENDURE,49,METAL SOUND,51,SWORDS DANCE,53,MAGNITUDE,56,ANCIENTPOWER,60,POISON JAB,64,METEOR MASH,,,,,,,,,,,,,,,,,,,,,,,,
321,KABUTAK,1,SCRATCH,1,HARDEN,13,ROCK THROW,19,CLAMP,25,LEER,31,WATERFALL,37,ROCK SLIDE,43,ENDURE,49,METAL SOUND,51,SWORDS DANCE,53,MAGNITUDE,56,ANCIENTPOWER,60,POISON JAB,64,METEOR MASH,,,,,,,,,,,,,,,,,,,,,,,,
322,KABUSTION,1,WING ATTACK,8,AGILITY,15,BITE,22,SUPERSONIC,29,ANCIENTPOWER,36,SCARY FACE,43,TAKE DOWN,50,HYPER BEAM,,,,,,,,,,,,,,,,,,,,,,,,,,,,,,,,,,,,
323,AERODACTYL,1,WING ATTACK,8,AGILITY,15,BITE,22,SUPERSONIC,29,ANCIENTPOWER,36,SCARY FACE,40,DRAGON CLAW,43,TAKE DOWN,50,HYPER BEAM,55,IRON TAIL,60,CRUSH CLAW,70,SUPERPOWER,75,SKY ATTACK,,,,,,,,,,,,,,,,,,,,,,,,,,
324,MANDILUFT,1,WING ATTACK,8,AGILITY,15,BITE,22,SUPERSONIC,29,ANCIENTPOWER,36,SCARY FACE,40,DRAGON CLAW,43,TAKE DOWN,50,HYPER BEAM,55,IRON TAIL,60,CRUSH CLAW,70,SUPERPOWER,75,SKY ATTACK,,,,,,,,,,,,,,,,,,,,,,,,,,
325,AMBALITHIC,1,TACKLE,5,AMNESIA,9,DEFENSE CURL,13,BELLY DRUM,17,HEADBUTT,21,YAWN,25,REST,29,SNORE,33,BODY SLAM,37,SLEEP TALK,41,BLOCK,45,COVET,49,ROLLOUT,53,HYPER BEAM,,,,,,,,,,,,,,,,,,,,,,,,
326,SNORLAX,1,TACKLE,5,AMNESIA,9,DEFENSE CURL,13,BELLY DRUM,17,HEADBUTT,21,YAWN,25,REST,29,SNORE,33,BODY SLAM,37,SLEEP TALK,41,BLOCK,45,COVET,49,ROLLOUT,53,HYPER BEAM,65,SUBMISSION,,,,,,,,,,,,,,,,,,,,,,
327,ACTLAX,1,TACKLE,5,AMNESIA,9,DEFENSE CURL,13,BELLY DRUM,17,HEADBUTT,21,YAWN,25,REST,29,SNORE,33,BODY SLAM,37,SLEEP TALK,41,BLOCK,45,COVET,49,ROLLOUT,53,HYPER BEAM,60,COUNTER,65,SUBMISSION,70,SMELLINGSALT,,,,,,,,,,,,,,,,,,
328,GRIZZLAX,1,GUST,1,POWDER SNOW,13,MIST,25,AGILITY,37,MIND READER,49,ICE BEAM,55,REFLECT,61,BLIZZARD,65,AURORA VEIL,70,AEROBLAST,75,LIGHT SCREEN,85,SHEER COLD,,,,,,,,,,,,,,,,,,,,,,,,,,,,
329,ARTICUNO,1,GUST,1,POWDER SNOW,13,MIST,25,AGILITY,37,MIND READER,49,ICE BEAM,55,REFLECT,61,BLIZZARD,65,AURORA VEIL,70,AEROBLAST,75,LIGHT SCREEN,85,SHEER COLD,,,,,,,,,,,,,,,,,,,,,,,,,,,,
330,SNOWONE,1,GUST,1,POWDER SNOW,13,MIST,25,AGILITY,37,MIND READER,49,ICE BEAM,55,REFLECT,61,BLIZZARD,65,AURORA VEIL,70,AEROBLAST,75,LIGHT SCREEN,85,SHEER COLD,,,,,,,,,,,,,,,,,,,,,,,,,,,,
331,FROSTUNUS,1,PECK,1,THUNDERSHOCK,13,THUNDER WAVE,25,AGILITY,37,DETECT,49,DRILL PECK,50,THUNDER,55,THUNDERBOLT,60,SHOCK WAVE,70,AEROBLAST,73,LIGHT SCREEN,75,ZAP CANNON,85,THUNDER,,,,,,,,,,,,,,,,,,,,,,,,,,
332,ZAPDOS,1,PECK,1,THUNDERSHOCK,13,THUNDER WAVE,25,AGILITY,37,DETECT,49,DRILL PECK,50,THUNDER,55,THUNDERBOLT,60,SHOCK WAVE,70,AEROBLAST,73,LIGHT SCREEN,75,ZAP CANNON,85,THUNDER,,,,,,,,,,,,,,,,,,,,,,,,,,
333,SHOCKATOO,1,PECK,1,THUNDERSHOCK,13,THUNDER WAVE,25,AGILITY,37,DETECT,49,DRILL PECK,50,THUNDER,55,THUNDERBOLT,60,SHOCK WAVE,70,AEROBLAST,73,LIGHT SCREEN,75,ZAP CANNON,85,THUNDER,,,,,,,,,,,,,,,,,,,,,,,,,,
334,VOLTDUO,1,WING ATTACK,1,EMBER,13,FIRE SPIN,25,AGILITY,37,ENDURE,49,FLAMETHROWER,55,OVERHEAT,58,AIR CUTTER,61,SAFEGUARD,73,HEAT WAVE,75,BLAST BURN,85,SKY ATTACK,,,,,,,,,,,,,,,,,,,,,,,,,,,,
335,MOLTRES,1,WING ATTACK,1,EMBER,13,FIRE SPIN,25,AGILITY,37,ENDURE,49,FLAMETHROWER,55,OVERHEAT,58,AIR CUTTER,61,SAFEGUARD,73,HEAT WAVE,75,BLAST BURN,85,SKY ATTACK,,,,,,,,,,,,,,,,,,,,,,,,,,,,
336,IGNITHREE,1,WING ATTACK,1,EMBER,13,FIRE SPIN,25,AGILITY,37,ENDURE,49,FLAMETHROWER,55,OVERHEAT,58,AIR CUTTER,61,SAFEGUARD,73,HEAT WAVE,75,BLAST BURN,85,SKY ATTACK,,,,,,,,,,,,,,,,,,,,,,,,,,,,
337,INFERNTRI,1,WRAP,1,LEER,8,THUNDER WAVE,15,TWISTER,22,DRAGON RAGE,29,SLAM,36,AGILITY,43,SAFEGUARD,50,OUTRAGE,57,HYPER BEAM,,,,,,,,,,,,,,,,,,,,,,,,,,,,,,,,
338,DRATINI,1,WRAP,1,LEER,1,THUNDER WAVE,1,TWISTER,8,THUNDER WAVE,15,TWISTER,22,DRAGON RAGE,29,SLAM,38,AGILITY,47,SAFEGUARD,56,OUTRAGE,65,HYPER BEAM,,,,,,,,,,,,,,,,,,,,,,,,,,,,
339,DRAGONAIR,1,WRAP,1,LEER,1,THUNDER WAVE,1,TWISTER,8,THUNDER WAVE,15,TWISTER,22,DRAGON RAGE,29,SLAM,35,AGILITY,41,SAFEGUARD,45,DRAGON PULSE,47,WING ATTACK,51,BELLY DRUM,51,OUTRAGE,58,FLY,60,HYPER BEAM,63,HYDRO PUMP,63,FIRE BLAST,,,,,,,,,,,,,,,,
340,DRAGONITE,1,WRAP,1,LEER,1,THUNDER WAVE,1,TWISTER,8,THUNDER WAVE,15,TWISTER,22,DRAGON RAGE,29,SLAM,35,AGILITY,41,SAFEGUARD,45,DRAGON PULSE,47,WING ATTACK,51,BELLY DRUM,51,OUTRAGE,58,FLY,60,HYPER BEAM,63,HYDRO PUMP,63,FIRE BLAST,73,SKY ATTACK,75,HEAL BELL,80,WISH,,,,,,,,,,
341,DRAGONIER,1,WRAP,1,LEER,1,THUNDER WAVE,1,TWISTER,8,THUNDER WAVE,15,TWISTER,22,DRAGON RAGE,29,SLAM,35,AGILITY,41,SAFEGUARD,45,DRAGON PULSE,47,WING ATTACK,51,BELLY DRUM,51,OUTRAGE,58,FLY,60,HYPER BEAM,63,HYDRO PUMP,63,FIRE BLAST,73,SKY ATTACK,75,HEAL BELL,80,WISH,,,,,,,,,,
342,DRAGONACE,1,WRAP,1,LEER,1,THUNDER WAVE,1,TWISTER,8,THUNDER WAVE,15,TWISTER,22,DRAGON RAGE,29,SLAM,35,AGILITY,41,SAFEGUARD,45,DRAGON PULSE,47,WING ATTACK,51,BELLY DRUM,51,OUTRAGE,58,FLY,60,HYPER BEAM,63,HYDRO PUMP,63,FIRE BLAST,73,SKY ATTACK,75,HEAL BELL,80,WISH,,,,,,,,,,
343,DRAGONTALE,1,DISABLE,1,CONFUSION,11,BARRIER,22,MIST,33,SWIFT,44,RECOVER,55,SAFEGUARD,60,DARK PULSE,66,PSYCHIC,75,DARK PULSE,78,EXTRASENSORY,81,TRANSFORM,88,FUTURE SIGHT,90,SHADOW BALL,99,AMNESIA,,,,,,,,,,,,,,,,,,,,,,
344,MEWTWO,1,DISABLE,1,CONFUSION,11,BARRIER,22,MIST,33,SWIFT,44,RECOVER,55,SAFEGUARD,60,DARK PULSE,66,PSYCHIC,75,DARK PULSE,78,EXTRASENSORY,81,TRANSFORM,88,FUTURE SIGHT,90,SHADOW BALL,99,AMNESIA,,,,,,,,,,,,,,,,,,,,,,
345,MEWTHREE,1,DISABLE,1,CONFUSION,11,BARRIER,22,MIST,33,SWIFT,44,RECOVER,55,SAFEGUARD,60,DARK PULSE,66,PSYCHIC,75,DARK PULSE,78,EXTRASENSORY,81,TRANSFORM,88,FUTURE SIGHT,90,SHADOW BALL,99,AMNESIA,,,,,,,,,,,,,,,,,,,,,,
346,MEWFOUR,1,POUND,10,TELEPORT,10,TRANSFORM,20,MEGA PUNCH,30,METRONOME,40,PSYCHIC,50,ANCIENTPOWER,60,RECOVER,,,,,,,,,,,,,,,,,,,,,,,,,,,,,,,,,,,,
347,MEW,1,POUND,10,TELEPORT,10,TRANSFORM,20,MEGA PUNCH,30,METRONOME,40,PSYCHIC,50,ANCIENTPOWER,60,RECOVER,,,,,,,,,,,,,,,,,,,,,,,,,,,,,,,,,,,,
348,NYU,1,POUND,10,TELEPORT,10,TRANSFORM,20,MEGA PUNCH,30,METRONOME,40,PSYCHIC,50,ANCIENTPOWER,60,RECOVER,75,PSYCHO BOOST,,,,,,,,,,,,,,,,,,,,,,,,,,,,,,,,,,
349,IOTA,1,PAY DAY,1,BIND,1,WATER GUN,1,SKY ATTACK,5,TACKLE,10,CONFUSION,15,CONVERSION,20,PSYWAVE,26,TRI ATTACK,32,DOUBLE TEAM,38,PSYCHIC,40,METRONOME,44,AIR SLASH,48,ANCIENTPOWER,52,SHADOW BALL,56,FLASH CANNON,61,HYPER BEAM,68,MIRROR COAT,75,EXPLOSION,,,,,,,,,,,,,,
350,MISSINGNO,1,PAY DAY,1,BIND,1,WATER GUN,1,SKY ATTACK,5,TACKLE,10,CONFUSION,15,CONVERSION,20,PSYWAVE,26,TRI ATTACK,32,DOUBLE TEAM,38,PSYCHIC,40,METRONOME,44,AIR SLASH,48,ANCIENTPOWER,52,SHADOW BALL,56,FLASH CANNON,61,HYPER BEAM,68,MIRROR COAT,75,EXPLOSION,,,,,,,,,,,,,,
351,MISSINGNO,1,PAY DAY,1,BIND,1,WATER GUN,1,SKY ATTACK,5,TACKLE,10,CONFUSION,15,CONVERSION,20,PSYWAVE,26,TRI ATTACK,32,DOUBLE TEAM,38,PSYCHIC,40,METRONOME,44,AIR SLASH,48,ANCIENTPOWER,52,SHADOW BALL,56,FLASH CANNON,61,HYPER BEAM,68,MIRROR COAT,75,EXPLOSION,,,,,,,,,,,,,,
352,MISSINGNO,1,PAY DAY,1,BIND,1,WATER GUN,1,SKY ATTACK,5,TACKLE,10,CONFUSION,15,CONVERSION,20,PSYWAVE,26,TRI ATTACK,32,DOUBLE TEAM,38,PSYCHIC,40,METRONOME,44,AIR SLASH,48,ANCIENTPOWER,52,SHADOW BALL,56,FLASH CANNON,61,HYPER BEAM,68,MIRROR COAT,75,EXPLOSION,,,,,,,,,,,,,,
353,MISSINGNO,1,PAY DAY,1,BIND,1,WATER GUN,1,SKY ATTACK,5,TACKLE,10,CONFUSION,15,CONVERSION,20,PSYWAVE,26,TRI ATTACK,32,DOUBLE TEAM,38,PSYCHIC,40,METRONOME,44,AIR SLASH,48,ANCIENTPOWER,52,SHADOW BALL,56,FLASH CANNON,61,HYPER BEAM,68,MIRROR COAT,75,EXPLOSION,,,,,,,,,,,,,,
354,MISSINGNO,1,TACKLE,1,GROWL,8,RAZOR LEAF,12,REFLECT,15,POISONPOWDER,22,SYNTHESIS,29,BODY SLAM,36,LIGHT SCREEN,43,SAFEGUARD,50,SOLARBEAM,,,,,,,,,,,,,,,,,,,,,,,,,,,,,,,,
355,CHIKORITA,1,TACKLE,1,GROWL,1,RAZOR LEAF,1,REFLECT,8,RAZOR LEAF,12,REFLECT,15,POISONPOWDER,23,SYNTHESIS,31,BODY SLAM,39,LIGHT SCREEN,47,SAFEGUARD,55,SOLARBEAM,,,,,,,,,,,,,,,,,,,,,,,,,,,,
356,BAYLEEF,1,TACKLE,1,GROWL,1,RAZOR LEAF,1,REFLECT,8,RAZOR LEAF,12,REFLECT,15,POISONPOWDER,23,SYNTHESIS,31,BODY SLAM,41,LIGHT SCREEN,51,SAFEGUARD,61,SOLARBEAM,,,,,,,,,,,,,,,,,,,,,,,,,,,,
357,MEGANIUM,1,TACKLE,1,LEER,6,SMOKESCREEN,12,EMBER,19,QUICK ATTACK,27,FLAME WHEEL,36,SWIFT,46,FLAMETHROWER,,,,,,,,,,,,,,,,,,,,,,,,,,,,,,,,,,,,
358,CYNDAQUIL,1,TACKLE,1,LEER,1,SMOKESCREEN,6,SMOKESCREEN,12,EMBER,21,QUICK ATTACK,31,FLAME WHEEL,42,SWIFT,54,FLAMETHROWER,,,,,,,,,,,,,,,,,,,,,,,,,,,,,,,,,,
359,QUILAVA,1,TACKLE,1,LEER,1,EMBER,1,SMOKESCREEN,6,SMOKESCREEN,12,EMBER,21,QUICK ATTACK,31,FLAME WHEEL,45,SWIFT,60,FLAMETHROWER,,,,,,,,,,,,,,,,,,,,,,,,,,,,,,,,
360,TYPHLOSION,1,SCRATCH,1,LEER,7,RAGE,13,WATER GUN,20,BITE,27,SCARY FACE,35,SLASH,43,SCREECH,52,HYDRO PUMP,,,,,,,,,,,,,,,,,,,,,,,,,,,,,,,,,,
361,TOTODILE,1,SCRATCH,1,LEER,1,RAGE,7,RAGE,13,WATER GUN,21,BITE,28,SCARY FACE,37,SLASH,45,SCREECH,55,HYDRO PUMP,,,,,,,,,,,,,,,,,,,,,,,,,,,,,,,,
362,CROCONAW,1,SCRATCH,1,LEER,1,WATER GUN,1,RAGE,7,RAGE,13,WATER GUN,21,BITE,28,SCARY FACE,38,SLASH,47,SCREECH,58,HYDRO PUMP,,,,,,,,,,,,,,,,,,,,,,,,,,,,,,
363,FERALIGATR,1,SCRATCH,4,DEFENSE CURL,7,QUICK ATTACK,12,FURY SWIPES,17,HELPING HAND,24,SLAM,31,FOLLOW ME,40,REST,49,AMNESIA,,,,,,,,,,,,,,,,,,,,,,,,,,,,,,,,,,
364,SENTRET,1,SCRATCH,1,QUICK ATTACK,1,DEFENSE CURL,4,DEFENSE CURL,7,QUICK ATTACK,12,FURY SWIPES,19,HELPING HAND,28,SLAM,37,FOLLOW ME,48,REST,59,AMNESIA,,,,,,,,,,,,,,,,,,,,,,,,,,,,,,
365,FURRET,1,TACKLE,1,GROWL,6,FORESIGHT,11,PECK,16,HYPNOSIS,22,REFLECT,28,TAKE DOWN,34,CONFUSION,48,DREAM EATER,,,,,,,,,,,,,,,,,,,,,,,,,,,,,,,,,,
366,HOOTHOOT,1,TACKLE,1,GROWL,1,PECK,1,FORESIGHT,6,FORESIGHT,11,PECK,16,HYPNOSIS,25,REFLECT,33,TAKE DOWN,41,CONFUSION,57,DREAM EATER,,,,,,,,,,,,,,,,,,,,,,,,,,,,,,
367,NOCTOWL,1,TACKLE,8,SUPERSONIC,15,COMET PUNCH,22,LIGHT SCREEN,22,REFLECT,22,SAFEGUARD,29,BATON PASS,36,SWIFT,43,AGILITY,50,DOUBLE-EDGE,,,,,,,,,,,,,,,,,,,,,,,,,,,,,,,,
368,LEDYBA,1,TACKLE,1,SUPERSONIC,8,SUPERSONIC,15,COMET PUNCH,24,LIGHT SCREEN,24,REFLECT,24,SAFEGUARD,33,BATON PASS,42,SWIFT,51,AGILITY,60,DOUBLE-EDGE,,,,,,,,,,,,,,,,,,,,,,,,,,,,,,
369,LEDIAN,1,POISON STING,1,STRING SHOT,6,SCARY FACE,11,CONSTRICT,17,NIGHT SHADE,23,LEECH LIFE,30,FURY SWIPES,37,SPIDER WEB,45,AGILITY,53,PSYCHIC,,,,,,,,,,,,,,,,,,,,,,,,,,,,,,,,
370,SPINARAK,1,POISON STING,1,STRING SHOT,1,CONSTRICT,1,SCARY FACE,6,SCARY FACE,11,CONSTRICT,17,NIGHT SHADE,25,LEECH LIFE,34,FURY SWIPES,43,SPIDER WEB,53,AGILITY,63,PSYCHIC,,,,,,,,,,,,,,,,,,,,,,,,,,,,
371,ARIADOS,1,THUNDER WAVE,1,BUBBLE,5,SUPERSONIC,13,FLAIL,17,WATER GUN,25,SPARK,29,CONFUSE RAY,37,TAKE DOWN,41,HYDRO PUMP,49,CHARGE,,,,,,,,,,,,,,,,,,,,,,,,,,,,,,,,
372,CHINCHOU,1,SUPERSONIC,1,THUNDER WAVE,1,BUBBLE,5,SUPERSONIC,13,FLAIL,17,WATER GUN,25,SPARK,32,CONFUSE RAY,43,TAKE DOWN,50,HYDRO PUMP,61,CHARGE,,,,,,,,,,,,,,,,,,,,,,,,,,,,,,
373,LANTURN,1,THUNDERSHOCK,1,CHARM,6,TAIL WHIP,8,THUNDER WAVE,11,SWEET KISS,,,,,,,,,,,,,,,,,,,,,,,,,,,,,,,,,,,,,,,,,,
374,PICHU,1,POUND,1,CHARM,4,ENCORE,8,SING,13,SWEET KISS,17,MAGICAL LEAF,,,,,,,,,,,,,,,,,,,,,,,,,,,,,,,,,,,,,,,,
375,CLEFFA,1,SING,1,CHARM,4,DEFENSE CURL,9,POUND,14,SWEET KISS,,,,,,,,,,,,,,,,,,,,,,,,,,,,,,,,,,,,,,,,,,
376,IGGLYBUFF,1,GROWL,1,CHARM,4,METRONOME,9,SWEET KISS,13,YAWN,17,ENCORE,21,ANCIENTPOWER,25,FOLLOW ME,29,WISH,33,SAFEGUARD,37,DOUBLE-EDGE,41,BATON PASS,,,,,,,,,,,,,,,,,,,,,,,,,,,,
377,TOGEPI,1,GROWL,1,METRONOME,1,SWEET KISS,1,CHARM,1,MAGICAL LEAF,4,METRONOME,9,SWEET KISS,13,YAWN,17,ENCORE,21,ANCIENTPOWER,25,FOLLOW ME,29,WISH,33,SAFEGUARD,37,DOUBLE-EDGE,41,BATON PASS,,,,,,,,,,,,,,,,,,,,,,
378,TOGETIC,1,LEER,1,PECK,10,NIGHT SHADE,20,TELEPORT,30,FUTURE SIGHT,30,WISH,40,CONFUSE RAY,50,PSYCHIC,,,,,,,,,,,,,,,,,,,,,,,,,,,,,,,,,,,,
379,NATU,1,LEER,1,PECK,10,NIGHT SHADE,20,TELEPORT,35,FUTURE SIGHT,35,WISH,50,CONFUSE RAY,65,PSYCHIC,,,,,,,,,,,,,,,,,,,,,,,,,,,,,,,,,,,,
380,XATU,1,TACKLE,1,GROWL,9,THUNDERSHOCK,16,THUNDER WAVE,23,COTTON SPORE,30,LIGHT SCREEN,37,THUNDER,,,,,,,,,,,,,,,,,,,,,,,,,,,,,,,,,,,,,,
381,MAREEP,1,TACKLE,1,GROWL,1,THUNDERSHOCK,9,THUNDERSHOCK,18,THUNDER WAVE,27,COTTON SPORE,36,LIGHT SCREEN,45,THUNDER,,,,,,,,,,,,,,,,,,,,,,,,,,,,,,,,,,,,
382,FLAAFFY,1,TACKLE,1,GROWL,1,THUNDERSHOCK,1,THUNDER WAVE,9,THUNDERSHOCK,18,THUNDER WAVE,27,COTTON SPORE,30,THUNDERPUNCH,42,LIGHT SCREEN,57,THUNDER,,,,,,,,,,,,,,,,,,,,,,,,,,,,,,,,
383,AMPHAROS,1,ABSORB,1,STUN SPORE,1,SWEET SCENT,1,MAGICAL LEAF,44,PETAL DANCE,55,SOLARBEAM,,,,,,,,,,,,,,,,,,,,,,,,,,,,,,,,,,,,,,,,
384,BELLOSSOM,1,TACKLE,3,DEFENSE CURL,6,TAIL WHIP,10,WATER GUN,15,ROLLOUT,21,BUBBLEBEAM,28,DOUBLE-EDGE,36,RAIN DANCE,45,HYDRO PUMP,,,,,,,,,,,,,,,,,,,,,,,,,,,,,,,,,,
385,MARILL,1,TACKLE,1,TAIL WHIP,1,WATER GUN,1,DEFENSE CURL,3,DEFENSE CURL,6,TAIL WHIP,10,WATER GUN,15,ROLLOUT,24,BUBBLEBEAM,34,DOUBLE-EDGE,45,RAIN DANCE,57,HYDRO PUMP,,,,,,,,,,,,,,,,,,,,,,,,,,,,
386,AZUMARILL,1,ROCK THROW,1,MIMIC,9,FLAIL,17,LOW KICK,25,ROCK SLIDE,33,BLOCK,41,FAINT ATTACK,49,SLAM,57,DOUBLE-EDGE,,,,,,,,,,,,,,,,,,,,,,,,,,,,,,,,,,
387,SUDOWOODO,1,DOUBLESLAP,1,WATER GUN,1,HYPNOSIS,1,PERISH SONG,35,PERISH SONG,51,SWAGGER,,,,,,,,,,,,,,,,,,,,,,,,,,,,,,,,,,,,,,,,
388,POLITOED,1,SPLASH,5,TAIL WHIP,5,SYNTHESIS,10,TACKLE,13,POISONPOWDER,15,STUN SPORE,17,SLEEP POWDER,20,LEECH SEED,25,COTTON SPORE,30,MEGA DRAIN,,,,,,,,,,,,,,,,,,,,,,,,,,,,,,,,
389,HOPPIP,1,TACKLE,1,TAIL WHIP,1,SPLASH,1,SYNTHESIS,5,TAIL WHIP,5,SYNTHESIS,10,TACKLE,13,POISONPOWDER,15,STUN SPORE,17,SLEEP POWDER,22,LEECH SEED,29,COTTON SPORE,36,MEGA DRAIN,,,,,,,,,,,,,,,,,,,,,,,,,,
390,SKIPLOOM,1,TACKLE,1,TAIL WHIP,1,SPLASH,1,SYNTHESIS,5,TAIL WHIP,5,SYNTHESIS,10,TACKLE,13,POISONPOWDER,15,STUN SPORE,17,SLEEP POWDER,22,LEECH SEED,33,COTTON SPORE,44,MEGA DRAIN,,,,,,,,,,,,,,,,,,,,,,,,,,
391,JUMPLUFF,1,SCRATCH,1,TAIL WHIP,6,SAND-ATTACK,13,ASTONISH,18,BATON PASS,25,TICKLE,31,FURY SWIPES,38,SWIFT,43,SCREECH,50,AGILITY,,,,,,,,,,,,,,,,,,,,,,,,,,,,,,,,
392,AIPOM,1,ABSORB,6,GROWTH,13,MEGA DRAIN,18,INGRAIN,25,ENDEAVOR,30,SUNNY DAY,37,SYNTHESIS,42,GIGA DRAIN,,,,,,,,,,,,,,,,,,,,,,,,,,,,,,,,,,,,
393,SUNKERN,1,POUND,1,ABSORB,6,GROWTH,13,RAZOR LEAF,18,INGRAIN,25,BULLET SEED,30,SUNNY DAY,37,PETAL DANCE,42,SOLARBEAM,,,,,,,,,,,,,,,,,,,,,,,,,,,,,,,,,,
394,SUNFLORA,1,TACKLE,1,FORESIGHT,6,QUICK ATTACK,12,DOUBLE TEAM,17,SONICBOOM,23,HYPNOSIS,28,DETECT,34,UPROAR,39,WING ATTACK,45,SUPERSONIC,50,SCREECH,,,,,,,,,,,,,,,,,,,,,,,,,,,,,,
395,YANMA,1,TAIL WHIP,1,WATER GUN,11,SLAM,16,MUD SHOT,21,AMNESIA,31,YAWN,36,EARTHQUAKE,41,RAIN DANCE,51,MIST,51,HAZE,,,,,,,,,,,,,,,,,,,,,,,,,,,,,,,,
396,WOOPER,1,TAIL WHIP,1,WATER GUN,11,SLAM,16,MUD SHOT,23,AMNESIA,35,YAWN,42,EARTHQUAKE,49,RAIN DANCE,61,MIST,61,HAZE,,,,,,,,,,,,,,,,,,,,,,,,,,,,,,,,
397,QUAGSIRE,1,TACKLE,1,TAIL WHIP,1,HELPING HAND,8,SAND-ATTACK,16,CONFUSION,23,QUICK ATTACK,30,SWIFT,36,PSYBEAM,42,PSYCH UP,47,PSYCHIC,52,MORNING SUN,,,,,,,,,,,,,,,,,,,,,,,,,,,,,,
398,ESPEON,1,TACKLE,1,TAIL WHIP,1,HELPING HAND,8,SAND-ATTACK,16,PURSUIT,23,QUICK ATTACK,30,CONFUSE RAY,36,FAINT ATTACK,42,MEAN LOOK,47,SCREECH,52,MOONLIGHT,,,,,,,,,,,,,,,,,,,,,,,,,,,,,,
399,UMBREON,1,PECK,9,ASTONISH,14,PURSUIT,22,HAZE,27,NIGHT SHADE,35,FAINT ATTACK,40,TAUNT,48,MEAN LOOK,,,,,,,,,,,,,,,,,,,,,,,,,,,,,,,,,,,,
400,MURKROW,1,TACKLE,1,CURSE,1,YAWN,6,GROWL,13,WATER GUN,17,CONFUSION,24,DISABLE,29,HEADBUTT,36,SWAGGER,40,PSYCHIC,47,PSYCH UP,,,,,,,,,,,,,,,,,,,,,,,,,,,,,,
401,SLOWKING,1,GROWL,1,PSYWAVE,6,SPITE,11,ASTONISH,17,CONFUSE RAY,23,MEAN LOOK,30,PSYBEAM,37,PAIN SPLIT,45,PERISH SONG,53,GRUDGE,,,,,,,,,,,,,,,,,,,,,,,,,,,,,,,,
402,MISDREAVUS,1,HIDDEN POWER,,,,,,,,,,,,,,,,,,,,,,,,,,,,,,,,,,,,,,,,,,,,,,,,,,
403,UNOWN,1,COUNTER,1,DESTINY BOND,1,SAFEGUARD,1,MIRROR COAT,,,,,,,,,,,,,,,,,,,,,,,,,,,,,,,,,,,,,,,,,,,,
404,WOBBUFFET,1,TACKLE,1,GROWL,7,ASTONISH,13,CONFUSION,19,STOMP,25,ODOR SLEUTH,31,AGILITY,37,BATON PASS,43,PSYBEAM,49,CRUNCH,,,,,,,,,,,,,,,,,,,,,,,,,,,,,,,,
405,GIRAFARIG,1,TACKLE,1,PROTECT,8,SELFDESTRUCT,15,TAKE DOWN,22,RAPID SPIN,29,BIDE,36,EXPLOSION,43,SPIKES,50,DOUBLE-EDGE,,,,,,,,,,,,,,,,,,,,,,,,,,,,,,,,,,
406,PINECO,1,TACKLE,1,SELFDESTRUCT,1,PROTECT,8,SELFDESTRUCT,15,TAKE DOWN,22,RAPID SPIN,29,BIDE,31,ZAP CANNON,39,EXPLOSION,49,SPIKES,59,DOUBLE-EDGE,,,,,,,,,,,,,,,,,,,,,,,,,,,,,,
407,FORRETRESS,1,RAGE,4,DEFENSE CURL,11,YAWN,14,GLARE,21,ROLLOUT,24,SPITE,31,PURSUIT,34,SCREECH,41,TAKE DOWN,44,FLAIL,51,ENDEAVOR,,,,,,,,,,,,,,,,,,,,,,,,,,,,,,
408,DUNSPARCE,1,POISON STING,6,SAND-ATTACK,13,HARDEN,20,QUICK ATTACK,28,FAINT ATTACK,36,SLASH,44,SCREECH,52,GUILLOTINE,,,,,,,,,,,,,,,,,,,,,,,,,,,,,,,,,,,,
409,GLIGAR,1,TACKLE,1,SCARY FACE,4,TAIL WHIP,8,CHARM,13,BITE,19,LICK,26,ROAR,34,RAGE,43,TAKE DOWN,53,CRUNCH,,,,,,,,,,,,,,,,,,,,,,,,,,,,,,,,
410,SNUBBULL,1,TACKLE,1,SCARY FACE,4,TAIL WHIP,8,CHARM,13,BITE,19,LICK,28,ROAR,38,RAGE,49,TAKE DOWN,61,CRUNCH,,,,,,,,,,,,,,,,,,,,,,,,,,,,,,,,
411,GRANBULL,1,TACKLE,1,POISON STING,1,SPIKES,9,HARDEN,9,MINIMIZE,13,WATER GUN,21,PIN MISSILE,25,REVENGE,33,TAKE DOWN,37,HYDRO PUMP,45,DESTINY BOND,,,,,,,,,,,,,,,,,,,,,,,,,,,,,,
412,QWILFISH,1,WITHDRAW,1,CONSTRICT,9,WRAP,14,ENCORE,23,SAFEGUARD,28,BIDE,37,REST,,,,,,,,,,,,,,,,,,,,,,,,,,,,,,,,,,,,,,
413,SHUCKLE,1,TACKLE,1,LEER,6,HORN ATTACK,11,ENDURE,17,FURY ATTACK,23,BRICK BREAK,30,COUNTER,37,TAKE DOWN,45,REVERSAL,53,MEGAHORN,,,,,,,,,,,,,,,,,,,,,,,,,,,,,,,,
414,HERACROSS,1,SCRATCH,1,LEER,1,TAUNT,8,QUICK ATTACK,15,SCREECH,22,FAINT ATTACK,29,FURY SWIPES,36,AGILITY,43,ICY WIND,50,SLASH,57,BEAT UP,64,METAL CLAW,,,,,,,,,,,,,,,,,,,,,,,,,,,,
415,SNEASEL,1,SCRATCH,1,LEER,7,LICK,13,FURY SWIPES,19,FAKE TEARS,25,FAINT ATTACK,31,REST,37,SLASH,43,SNORE,49,THRASH,,,,,,,,,,,,,,,,,,,,,,,,,,,,,,,,
416,TEDDIURSA,1,SCRATCH,1,LEER,1,LICK,1,FURY SWIPES,7,LICK,13,FURY SWIPES,19,FAKE TEARS,25,FAINT ATTACK,31,REST,37,SLASH,43,SNORE,49,THRASH,,,,,,,,,,,,,,,,,,,,,,,,,,,,
417,URSARING,1,SMOG,1,YAWN,8,EMBER,15,ROCK THROW,22,HARDEN,29,AMNESIA,36,FLAMETHROWER,43,ROCK SLIDE,50,BODY SLAM,,,,,,,,,,,,,,,,,,,,,,,,,,,,,,,,,,
418,SLUGMA,1,EMBER,1,ROCK THROW,1,SMOG,1,YAWN,8,EMBER,15,ROCK THROW,22,HARDEN,29,AMNESIA,36,FLAMETHROWER,48,ROCK SLIDE,60,BODY SLAM,,,,,,,,,,,,,,,,,,,,,,,,,,,,,,
419,MAGCARGO,1,TACKLE,1,ODOR SLEUTH,10,POWDER SNOW,19,ENDURE,28,TAKE DOWN,37,MIST,46,BLIZZARD,55,AMNESIA,,,,,,,,,,,,,,,,,,,,,,,,,,,,,,,,,,,,
420,SWINUB,1,HORN ATTACK,1,POWDER SNOW,1,ENDURE,1,ODOR SLEUTH,10,POWDER SNOW,19,ENDURE,28,TAKE DOWN,33,FURY ATTACK,42,MIST,56,BLIZZARD,70,AMNESIA,,,,,,,,,,,,,,,,,,,,,,,,,,,,,,
421,PILOSWINE,1,TACKLE,6,HARDEN,12,BUBBLE,17,RECOVER,17,REFRESH,23,BUBBLEBEAM,28,SPIKE CANNON,34,ROCK BLAST,39,MIRROR COAT,45,ANCIENTPOWER,,,,,,,,,,,,,,,,,,,,,,,,,,,,,,,,
422,CORSOLA,1,WATER GUN,11,LOCK-ON,22,PSYBEAM,22,BUBBLEBEAM,22,AURORA BEAM,33,FOCUS ENERGY,44,ICE BEAM,55,HYPER BEAM,,,,,,,,,,,,,,,,,,,,,,,,,,,,,,,,,,,,
423,REMORAID,1,WATER GUN,11,CONSTRICT,22,PSYBEAM,22,BUBBLEBEAM,22,AURORA BEAM,25,OCTAZOOKA,38,FOCUS ENERGY,54,ICE BEAM,70,HYPER BEAM,,,,,,,,,,,,,,,,,,,,,,,,,,,,,,,,,,
424,OCTILLERY,1,PRESENT,,,,,,,,,,,,,,,,,,,,,,,,,,,,,,,,,,,,,,,,,,,,,,,,,,
425,DELIBIRD,1,TACKLE,1,BUBBLE,8,SUPERSONIC,15,BUBBLEBEAM,22,TAKE DOWN,29,AGILITY,36,WING ATTACK,43,WATER PULSE,50,CONFUSE RAY,,,,,,,,,,,,,,,,,,,,,,,,,,,,,,,,,,
426,MANTINE,1,LEER,1,PECK,10,SAND-ATTACK,13,SWIFT,16,AGILITY,26,FURY ATTACK,29,AIR CUTTER,32,STEEL WING,42,SPIKES,45,METAL SOUND,,,,,,,,,,,,,,,,,,,,,,,,,,,,,,,,
427,SKARMORY,1,LEER,1,EMBER,7,HOWL,13,SMOG,19,ROAR,25,BITE,31,ODOR SLEUTH,37,FAINT ATTACK,43,FLAMETHROWER,49,CRUNCH,,,,,,,,,,,,,,,,,,,,,,,,,,,,,,,,
428,HOUNDOUR,1,LEER,1,EMBER,1,HOWL,7,HOWL,13,SMOG,19,ROAR,27,BITE,35,ODOR SLEUTH,43,FAINT ATTACK,51,FLAMETHROWER,59,CRUNCH,,,,,,,,,,,,,,,,,,,,,,,,,,,,,,
429,HOUNDOOM,1,TACKLE,1,GROWL,1,ODOR SLEUTH,9,DEFENSE CURL,17,FLAIL,25,TAKE DOWN,33,ROLLOUT,41,ENDURE,49,DOUBLE-EDGE,,,,,,,,,,,,,,,,,,,,,,,,,,,,,,,,,,
430,PHANPY,1,HORN ATTACK,1,GROWL,1,ODOR SLEUTH,9,DEFENSE CURL,17,FLAIL,25,FURY ATTACK,33,ROLLOUT,41,RAPID SPIN,49,EARTHQUAKE,,,,,,,,,,,,,,,,,,,,,,,,,,,,,,,,,,
431,DONPHAN,1,TACKLE,7,LEER,11,ASTONISH,17,HYPNOSIS,21,STOMP,27,SAND-ATTACK,31,ROLE PLAY,37,TAKE DOWN,41,CONFUSE RAY,47,CALM MIND,,,,,,,,,,,,,,,,,,,,,,,,,,,,,,,,
432,STANTLER,1,SKETCH,11,SKETCH,21,SKETCH,31,SKETCH,41,SKETCH,51,SKETCH,61,SKETCH,71,SKETCH,81,SKETCH,91,SKETCH,,,,,,,,,,,,,,,,,,,,,,,,,,,,,,,,
433,SMEARGLE,1,TACKLE,,,,,,,,,,,,,,,,,,,,,,,,,,,,,,,,,,,,,,,,,,,,,,,,,,
434,TYROGUE,1,ROLLING KICK,1,REVENGE,7,FOCUS ENERGY,13,PURSUIT,19,QUICK ATTACK,20,TRIPLE KICK,25,RAPID SPIN,31,COUNTER,37,AGILITY,43,DETECT,49,ENDEAVOR,,,,,,,,,,,,,,,,,,,,,,,,,,,,,,
435,HITMONTOP,1,POUND,1,LICK,9,SWEET KISS,13,POWDER SNOW,21,CONFUSION,25,SING,33,MEAN LOOK,37,FAKE TEARS,45,PSYCHIC,49,PERISH SONG,57,BLIZZARD,,,,,,,,,,,,,,,,,,,,,,,,,,,,,,
436,SMOOCHUM,1,LEER,1,QUICK ATTACK,9,THUNDERPUNCH,17,LIGHT SCREEN,25,SWIFT,33,SCREECH,41,THUNDERBOLT,49,THUNDER,,,,,,,,,,,,,,,,,,,,,,,,,,,,,,,,,,,,
437,ELEKID,1,EMBER,7,LEER,13,SMOG,19,FIRE PUNCH,25,SMOKESCREEN,31,SUNNY DAY,37,FLAMETHROWER,43,CONFUSE RAY,49,FIRE BLAST,,,,,,,,,,,,,,,,,,,,,,,,,,,,,,,,,,
438,MAGBY,1,TACKLE,4,GROWL,8,DEFENSE CURL,13,STOMP,19,MILK DRINK,26,BIDE,34,ROLLOUT,43,BODY SLAM,53,HEAL BELL,,,,,,,,,,,,,,,,,,,,,,,,,,,,,,,,,,
439,MILTANK,1,LEER,1,BITE,11,THUNDERSHOCK,21,ROAR,31,QUICK ATTACK,41,SPARK,51,REFLECT,61,CRUNCH,71,THUNDER,81,CALM MIND,,,,,,,,,,,,,,,,,,,,,,,,,,,,,,,,
440,RAIKOU,1,LEER,1,BITE,11,EMBER,21,ROAR,31,FIRE SPIN,41,STOMP,51,FLAMETHROWER,61,SWAGGER,71,FIRE BLAST,81,CALM MIND,,,,,,,,,,,,,,,,,,,,,,,,,,,,,,,,
441,ENTEI,1,LEER,1,BITE,11,BUBBLEBEAM,21,RAIN DANCE,31,GUST,41,AURORA BEAM,51,MIST,61,MIRROR COAT,71,HYDRO PUMP,81,CALM MIND,,,,,,,,,,,,,,,,,,,,,,,,,,,,,,,,
442,SUICUNE,1,LEER,1,BITE,8,SANDSTORM,15,SCREECH,22,ROCK SLIDE,29,THRASH,36,SCARY FACE,43,CRUNCH,50,EARTHQUAKE,57,HYPER BEAM,,,,,,,,,,,,,,,,,,,,,,,,,,,,,,,,
443,LARVITAR,1,LEER,1,BITE,1,SCREECH,1,SANDSTORM,8,SANDSTORM,15,SCREECH,22,ROCK SLIDE,29,THRASH,38,SCARY FACE,47,CRUNCH,56,EARTHQUAKE,65,HYPER BEAM,,,,,,,,,,,,,,,,,,,,,,,,,,,,
444,PUPITAR,1,LEER,1,BITE,1,SCREECH,1,SANDSTORM,8,SANDSTORM,15,SCREECH,22,ROCK SLIDE,29,THRASH,38,SCARY FACE,47,CRUNCH,61,EARTHQUAKE,75,HYPER BEAM,,,,,,,,,,,,,,,,,,,,,,,,,,,,
445,TYRANITAR,1,WHIRLWIND,11,SAFEGUARD,22,GUST,33,RECOVER,44,HYDRO PUMP,55,RAIN DANCE,66,SWIFT,77,AEROBLAST,88,ANCIENTPOWER,99,FUTURE SIGHT,,,,,,,,,,,,,,,,,,,,,,,,,,,,,,,,
446,LUGIA,1,WHIRLWIND,11,SAFEGUARD,22,GUST,33,RECOVER,44,FIRE BLAST,55,SUNNY DAY,66,SWIFT,77,SACRED FIRE,88,ANCIENTPOWER,99,FUTURE SIGHT,,,,,,,,,,,,,,,,,,,,,,,,,,,,,,,,
447,HO-OH,1,LEECH SEED,1,CONFUSION,1,RECOVER,1,HEAL BELL,10,SAFEGUARD,20,ANCIENTPOWER,30,FUTURE SIGHT,40,BATON PASS,50,PERISH SONG,,,,,,,,,,,,,,,,,,,,,,,,,,,,,,,,,,
448,CELEBI,1,TACKLE,,,,,,,,,,,,,,,,,,,,,,,,,,,,,,,,,,,,,,,,,,,,,,,,,,
